Titles,Company,Experience,Salary,Location
it manager ,Ideal Career Zone,4 Years,16000,Kolkata
financial analyst ,goldman sachs services pvt ltd,3 Years,66666,Hyderabad
it recruiter ,Kanak IT Service LLC,4 Years,45000,Noida
it recruiter ,Our Business Ladder,3 Years,15000,Coimbatore
desktop support engineer ,For a Client of Teamlease Digital,4 Years,25000,Hyderabad
it trainer ,Adithya it Solution Pvt Ltd,Fresher,20000,Salem
hr recruiter - it and non it ,DEWIIT INFOEDGE,3 Years,25000,Chennai
it software engineer ,Leading Edge ExT,Fresher,52000,Mumbai
us it recruiter ,Yuvii consultancy private limited,Fresher,25000,Ahmedabad
hr it recruiter ,SyStos Technology,Fresher,12000,Indore
it software engineer ,For a Client of Teamlease Digital,Fresher,166666,Hyderabad
it software engineer ,AMC Career,Fresher,47000,Pune
it software engineer ,Adithya it Solution Pvt Ltd,Fresher,30000,Salem
it network engineer ,Youtag infotag,Fresher,15000,Chennai
it software engineer ,For a Client of Teamlease Digital,11 Year,33333,Noida
it sales executive ,NexionPro Services,3 Years,40000,Mumbai
it software engineer ,AMC Career,Fresher,47000,Navi Mumbai
it support engineers ,For a Client of Teamlease Digital,5 Years,30083,Gurgaon
it software engineer ,DSK SOFTWARE SOLUTIONS PVT.LTD,Fresher,40000,Pune
us it recruiter ,Goodone1IT,4 Years,20000,Mumbai
it asset executive ,For a Client of Teamlease Digital,5 Years,1000000,Hyderabad
us it recruiter ,Stellar Professionals,1 Year,15000,Mumbai
it marketing executive ,Panacorp Software Company,Fresher,16000,Pune
it recruiter / hr recruiter ,Metamorf InfoTech,4 Years,35000,Hyderabad
computer technician/support specialist ,J K S S & Associates,Fresher,25000,Bangalore
it application support executive ,Kanha Milk Testing Equipments Pvt Ltd,3 Years,30000,Mohali
team member - it support ,FOX Solutions Pvt Ltd,Fresher,19000,Bangalore
business development manager - it - b2b ,MAAZ INFOTECH,3 Years,30000,Delhi
hr recruiter - non it - fresher ,Actio,Fresher,15000,Bulandshahr
hr recruiter - non it - fresher ,Actio,Fresher,15000,Bangalore
it sales executive inside sales ,Alsiraatacars,3 Years,22000,Pune
account manager - it product sales ,Software Company,4 Years,200000,Chennai
international business development - it sales ,Vertoz,3 Years,45000,Delhi
hiring remote it sales executive for american mnc ,Group 8 security INC,4 Years,80000,Gurgaon
business development associate ,DIGIT IT,Fresher,8000,Noida
sales associate ,IT -galore,Fresher,20000,Mumbai
plant supervisor ,Adithya it solution,Fresher,17000,Nasik
driver lmv ,Adithya it solution,Fresher,25000,Hyderabad
system supervisor ,Adithya it solution,Fresher,15000,Bangalore
network system administrator ,Adithya it solution,Fresher,18000,Salem
data entry operator trainer ,Adithya it solution,Fresher,12000,Salem
railway supervisor ,Adithya it solution,Fresher,18000,Salem
collections officer ,ADITHYA IT SOLUTION,Fresher,18000,Salem
computer operator ,Adithya it solution,Fresher,15000,Salem
driver in salem ,Adithya it solution,Fresher,18000,Salem
banking executive ,Adithya it solution,Fresher,18000,Salem
walk-in for system operator ,Adithya it solution,Fresher,15000,Salem
software trainer ,Adithya it solution,Fresher,25000,Salem
office assistant ,ADITHYA IT SOLUTION,Fresher,15000,Salem
hiring relationship manager ,ADITHYA IT SOLUTION,Fresher,18000,Salem
we are hiring for aided school teacher at salem ,ADITHYA IT SOLUTION,Fresher,60000,Salem
we are hiring for ims role at salem ,ADITHYA IT SOLUTION,Fresher,25000,Salem
bde inside sales executive ,Yes IT Lab,4 Years,35000,Kolkata
home loan executive - hl - salem ,Adithya it solution,Fresher,22000,Salem
company car driver ,Adithya it solution,Fresher,17000,Salem
business development associate ,Adithya it solution,Fresher,15000,Salem
system administrator in salem ,Adithya it solution,Fresher,12000,Salem
fresh post officer male in salem ,Adithya it solution,Fresher,24000,Salem
metro ticket issuer ,Adithya it solution,Fresher,25000,Salem
python trainer ,Adithya it solution,Fresher,25000,Salem
fresher medical billing ,Adithya it solution,Fresher,12000,Salem
ccna faculty ,Logix IT Solutions,1 Year,12000,Kottayam
sales coordinator ,IT SERVE GLOBAL,4 Years,20000,Noida
computer hardware and network engineer ,Bbg it solutions,1 Year,25000,Delhi
relationship manager in salem ,Adithya it solution,Fresher,20000,Mumbai
graphic designer ,Adithya it solution,Fresher,12000,Salem
experienced nurse wanted for immediate hire in salem ,Adithya it solution,Fresher,20000,Salem
fresh post officer female in salem ,Adithya it solution,Fresher,22000,Salem
fresher medical coder ,Adithya it solution,Fresher,12000,Salem
optometrist ,Adithya it solution,Fresher,12000,Salem
airport ground handling staff required ,ADITHYA IT SOLUTION,Fresher,25000,Bangalore
sales officer ,ADITHYA IT SOLUTION,Fresher,15000,Salem
mortgage executive - lap in salem ,Adithya it solution,Fresher,22000,Delhi
telecaller in salem ,Adithya it solution,Fresher,12000,Salem
retail sales executive ,Adithya it solution,Fresher,17000,Salem
marketing executive ,Adithya it solution,Fresher,15000,Salem
lab technician ,Adithya it solution,Fresher,40000,Salem
system admin in hospitality in salem ,Adithya it solution,Fresher,12000,Salem
data entry operator ,Adithya it solution,Fresher,18000,Salem
educator ,Astroden,Fresher,16666,Chennai
seo intern ,NLET-IT software company,Fresher,10000,Hyderabad
lead generation executive ,AV IT BUSINESS SOLUTION,4 Years,50000,Jaipur
network engineer ,SMART ENTRY IT INFRASTRUCTURE,Fresher,30000,Pune
driver ,Adithya it Solution Pvt Ltd,Fresher,18000,Bangalore
administrator ,ADITHYA IT SOLUTIONS PRIVATE LTD,Fresher,20000,Salem
sales and business development executive ,MS IT & Business services,Fresher,18000,Mumbai
telecaller ,SHRI Sohaang IT Solutions,Fresher,25000,Navi Mumbai
instructor ,Adithya it Solution Pvt Ltd,Fresher,25000,Bangalore
cashier ,ADITHYA IT SOLUTIONS PRIVATE LTD,Fresher,18000,Salem
telemarketer ,Adithya it Solution Pvt Ltd,Fresher,15000,Salem
branch manager - male ,Adithya it Solution Pvt Ltd,Fresher,25000,Salem
junior accountant ,Adithya it Solution Pvt Ltd,Fresher,20000,Salem
system operator ,Adithya it Solution Pvt Ltd,Fresher,15000,Salem
fresher medical coder ,Adithya it Solution Pvt Ltd,Fresher,12000,Salem
eye test - optometrist ,Adithya it Solution Pvt Ltd,Fresher,12000,Salem
geographic mapper or mapping technician ,Adithya it Solution Pvt Ltd,Fresher,20000,Salem
sales collection executive ,Adithya it Solution Pvt Ltd,Fresher,19000,Salem
tele calling ,GNR Solutions Pvt Ltd,3 Years,20000,Pune
front desk associate ,GNR Solutions Pvt Ltd,2 Years,20000,Pune
walk-in interview female - hiring for academic telecaller in salem ,Adithya it Solution Pvt Ltd,Fresher,9000,Salem
assistant branch manager - male ,Adithya it Solution Pvt Ltd,Fresher,20000,Salem
relationship manager - rm ,Adithya it Solution Pvt Ltd,Fresher,20000,Salem
post office male in salem ,Adithya it Solution Pvt Ltd,Fresher,28000,Salem
banking sales executive ,Adithya it Solution Pvt Ltd,Fresher,18000,Salem
system supervisor ,Adithya it Solution Pvt Ltd,Fresher,15000,Salem
assistant branch manager - male ,Adithya it Solution Pvt Ltd,Fresher,20000,Salem
relationship manager - rm ,Adithya it Solution Pvt Ltd,Fresher,20000,Salem
post office male in salem ,Adithya it Solution Pvt Ltd,Fresher,28000,Salem
banking sales executive ,Adithya it Solution Pvt Ltd,Fresher,18000,Salem
system supervisor ,Adithya it Solution Pvt Ltd,Fresher,15000,Salem
full stack trainer ,Adithya it Solution Pvt Ltd,Fresher,25000,Salem
pumb operator ,Adithya it Solution Pvt Ltd,4 Years,20000,Salem
atm supervisor ,Adithya it Solution Pvt Ltd,Fresher,35000,Salem
ims - integrated management systems ,Adithya it Solution Pvt Ltd,Fresher,25000,Salem
artificial intelligence trainer ,Adithya it Solution Pvt Ltd,Fresher,25000,Salem
system engineer ,Adithya it Solution Pvt Ltd,Fresher,22000,Salem
video editor ,Adithya it Solution Pvt Ltd,Fresher,22000,Salem
junior office assistant ,Adithya it Solution Pvt Ltd,Fresher,20000,Salem
field marketing executive ,MD IT info pvt ltd,Fresher,15000,Raipur
business development associate ,Adithya it Solution Pvt Ltd,Fresher,9000,Salem
retail mortgage executive - lap ,Adithya it Solution Pvt Ltd,Fresher,19000,Salem
finance executive ,Adithya it Solution Pvt Ltd,Fresher,15000,Salem
telesales executive ,Adithya it Solution Pvt Ltd,Fresher,12000,Salem
field sales executive ,Adithya it Solution Pvt Ltd,Fresher,17000,Salem
nurse - female ,Adithya it Solution Pvt Ltd,Fresher,40000,Salem
metro ticket issuer ,Adithya it Solution Pvt Ltd,Fresher,25000,Salem
network system administrator ,Adithya it Solution Pvt Ltd,Fresher,18000,Salem
fresher medical billing ,Adithya it Solution Pvt Ltd,Fresher,12000,Salem
airforce helper ,Adithya it Solution Pvt Ltd,Fresher,25000,Salem
two wheeler mechanic ,Adithya it Solution Pvt Ltd,Fresher,19000,Salem
graphic designer ,Adithya it Solution Pvt Ltd,Fresher,20000,Salem
accountant ,Adithya it Solution Pvt Ltd,Fresher,12000,Salem
developer ,Adithya it Solution Pvt Ltd,Fresher,37500,Salem
collection executive ,ADITHYA IT SOLUTIONS PRIVATE LTD SALEM,Fresher,15000,Salem
marketing officer ,ADITHYA IT SOLUTIONS PRIVATE LTD SALEM,Fresher,17000,Salem
stacking assistant ,ADITHYA IT SOLUTIONS PRIVATE LTD SALEM,Fresher,24000,Salem
account executive ,ADITHYA IT SOLUTIONS PRIVATE LTD SALEM,Fresher,12000,Salem
assistant branch manager ,ADITHYA IT SOLUTIONS PRIVATE LTD,Fresher,35000,Salem
postman ,ADITHYA IT SOLUTIONS PRIVATE LTD SALEM,Fresher,24000,Salem
electrical maintenance ,Adithya it Solution Pvt Ltd,Fresher,18000,Salem
lab technician ,Adithya it Solution Pvt Ltd,Fresher,19000,Salem
sales executive ,ADITHYA IT SOLUTIONS PRIVATE LTD,Fresher,23000,Salem
software trainer ,Adithya IT Solutions Pvt Ltd,Fresher,15000,Salem
python trainer ,ADITHYA IT SOLUTIONS PRIVATE LTD,Fresher,25000,Salem
python developer ,ADITHYA IT SOLUTIONS PRIVATE LTD,Fresher,20000,Salem
team leader ,Adithya it Solution Pvt Ltd,Fresher,15000,Salem
sales officer ,Adithya it Solution Pvt Ltd,Fresher,19000,Salem
angular developer ,ADITHYA IT SOLUTIONS PRIVATE LTD,Fresher,25000,Salem
driver ,ADITHYA IT SOLUTIONS PRIVATE LTD SALEM,Fresher,15000,Salem
driver ,ADITHYA IT SOLUTIONS PRIVATE LTD SALEM,Fresher,15000,Salem
cashier ,ADITHYA IT SOLUTIONS PRIVATE LTD SALEM,Fresher,18000,Salem
branch manager ,ADITHYA IT SOLUTIONS PRIVATE LTD,Fresher,35000,Salem
data scientist ,ADITHYA IT SOLUTIONS PRIVATE LTD,Fresher,25000,Salem
system operator in salem ,Adithya it Solution Pvt Ltd,Fresher,23000,Salem
system admin for hospital ,Adithya it Solution Pvt Ltd,Fresher,22000,Salem
driver lmv ,Adithya it Solution Pvt Ltd,Fresher,18000,Salem
network engineer ,Adithya it Solution Pvt Ltd,Fresher,30000,Salem
bank executive ,Adithya it Solution Pvt Ltd,Fresher,22000,Salem
dental receptionist ,Adithya it Solution Pvt Ltd,Fresher,12000,Salem
key relationship manager ,Adithya it Solution Pvt Ltd,Fresher,20000,Salem
administrative officer ,Adithya it Solution Pvt Ltd,Fresher,20000,Salem
bpo telecaller ,Adithya it Solution Pvt Ltd,Fresher,12000,Salem
collection executive ,ADITHYA IT SOLUTIONS PRIVATE LTD SALEM,Fresher,15000,Salem
marketing officer ,ADITHYA IT SOLUTIONS PRIVATE LTD SALEM,Fresher,17000,Salem
stacking assistant ,ADITHYA IT SOLUTIONS PRIVATE LTD SALEM,Fresher,24000,Salem
account executive ,ADITHYA IT SOLUTIONS PRIVATE LTD SALEM,Fresher,12000,Salem
system operator in salem ,Adithya it Solution Pvt Ltd,Fresher,23000,Salem
data science trainer ,Adithya it Solution Pvt Ltd,Fresher,25000,Salem
telecaller ,ADITHYA IT SOLUTIONS PRIVATE LTD SALEM,Fresher,10000,Salem
salesperson ,ADITHYA IT SOLUTIONS PRIVATE LTD SALEM,Fresher,10000,Salem
telecaller ,ADITHYA IT SOLUTIONS PRIVATE LTD SALEM,Fresher,10000,Salem
salesperson ,ADITHYA IT SOLUTIONS PRIVATE LTD SALEM,Fresher,10000,Salem
driver ,ADITHYA IT SOLUTIONS PRIVATE LTD SALEM,Fresher,18000,Salem
video editor ,ADITHYA IT SOLUTIONS PRIVATE LTD,Fresher,20000,Salem
graphic designer ,ADITHYA IT SOLUTIONS PRIVATE LTD,Fresher,20000,Salem
telemarketing executive ,ADITHYA IT SOLUTIONS PRIVATE LTD,Fresher,12000,Salem
optometrist ,ADITHYA IT SOLUTIONS PRIVATE LTD,Fresher,12000,Salem
graphic designer ,ADITHYA IT SOLUTIONS PRIVATE LTD SALEM,Fresher,10000,Salem
relationship manager ,ADITHYA IT SOLUTIONS PRIVATE LTD SALEM,Fresher,20000,Salem
office assistant ,ADITHYA IT SOLUTIONS PRIVATE LTD SALEM,Fresher,15000,Salem
mern stack developer ,ADITHYA IT SOLUTIONS PRIVATE LTD,Fresher,20000,Salem
hiring marketing executive in salem ,Adithya IT Solution Pvt Ltd Salem,Fresher,10000,Salem
female team leader ,ADITHYA IT SOLUTIONS PRIVATE LTD,Fresher,15000,Salem
immediate walkin drive for software tester in salem ,Adithya IT Solutions Pvt Ltd,Fresher,30000,Salem
hiring for technical support engineer in salem ,Adithya IT Solutions Pvt Ltd,Fresher,30000,Salem
tele caller ,ADITHYA IT SOLUTIONS PRIVATE LTD SALEM,Fresher,10000,Salem
team leader ,ADITHYA IT SOLUTIONS PRIVATE LTD SALEM,Fresher,25000,Salem
business development associate ,ADITHYA IT SOLUTIONS PRIVATE LTD SALEM,Fresher,15000,Salem
interior designer ,ADITHYA IT SOLUTIONS PRIVATE LTD SALEM,Fresher,10000,Salem
female accountant ,ADITHYA IT SOLUTIONS PRIVATE LTD SALEM,Fresher,20000,Salem
branch relationship officer ,ADITHYA IT SOLUTIONS PRIVATE LTD SALEM,Fresher,15000,Salem
medical biller ,ADITHYA IT SOLUTIONS PRIVATE LTD,Fresher,12000,Salem
python trainer ,Adithya IT Solutions Pvt Ltd,Fresher,25000,Salem
ar caller ,ADITHYA IT SOLUTIONS PRIVATE LTD,Fresher,15000,Salem
hiring female telemarketing executive in salem ,Adithya IT Solutions Pvt Ltd,Fresher,12000,Salem
looking talented skilled software trainer in salem ,ADITHYA IT SOLUTIONS PRIVATE LTD,Fresher,20000,Salem
hiring female administrator in salem ,Adithya IT Solutions Pvt Ltd,Fresher,20000,Salem
hiring relationship manager in salem ,Adithya IT Solutions Pvt Ltd,Fresher,15000,Salem
we are hiring data analyst in salem ,Adithya IT Solutions Pvt Ltd,Fresher,30000,Salem
bulk hiring for ar caller ,Adithya IT Solutions Pvt Ltd,Fresher,18000,Salem
full stack trainer ,ADITHYA IT SOLUTIONS PRIVATE LTD,Fresher,25000,Salem
full stack trainer ,ADITHYA IT SOLUTIONS PRIVATE LTD,Fresher,25000,Salem
team leader ,ADITHYA IT SOLUTIONS PRIVATE LTD SALEM,Fresher,15000,Salem
office assistant ,ADITHYA IT SOLUTIONS PRIVATE LTD SALEM,Fresher,20000,Salem
marketing executive ,ADITHYA IT SOLUTIONS PRIVATE LTD SALEM,Fresher,12000,Salem
system administrator ,ADITHYA IT SOLUTIONS PRIVATE LTD SALEM,Fresher,18000,Salem
data entry operator ,ADITHYA IT SOLUTIONS PRIVATE LTD SALEM,Fresher,18000,Salem
telesales executive ,Sumu Global IT Services Pvt Ltd,Fresher,25000,Noida
field sales executive ,Doon land Buildcon,Fresher,50000,Dehradun
urgent airport ground staff and air hostess candidate required ,AIR LIGHT SERVICES,Fresher,870000,Pune
system engineer ,KR Technologies,Fresher,15000,Amritsar
digital marketer ,Fitex Media,Fresher,10000,Chennai
secretarial compliance ,Hirezy HR Solutions,Fresher,50000,Tiruppur
customer support engineer ,Conquer Technologies,Fresher,18000,Mumbai
fresher mba graduate ,Finotive Solutions,Fresher,30000,Chennai
hr recruiter freshers ,C cube consultant,Fresher,18000,Pune
accountant executive ,Cartunez,Fresher,20000,Chennai
field sales executive ,Verastar Solutions Pvt Ltd,4 Years,50000,Navi Mumbai
accounting executive ,MJ marketing consultancy,4 Years,30000,Kolkata
immediate opening for dotnet developer ,FabGreen Technologies,1 Year,15000,Bangalore
mern stack developer ,WizInoa,Fresher,25000,Hyderabad
software developer ,AMC Career,Fresher,47000,Madurai
php developer ,SMILIGENCE,3 Years,16000,Bangalore
php programmer ,A Client of Freshersworld,Fresher,50000,Madurai
php programmer ,A Client of Freshersworld,Fresher,50000,Kulu
php programmer ,A Client of Freshersworld,Fresher,50000,Kaithal
php programmer ,A Client of Freshersworld,Fresher,50000,Bhiwani
php programmer ,A Client of Freshersworld,Fresher,50000,Kurukshetra
web designer ,Cassius Technologies,Fresher,76000,Hubli
web designer ,Cassius Technologies,Fresher,76000,Chikkamagaluru
web designer ,Cassius Technologies,Fresher,76000,Sivasagar
web designer ,Cassius Technologies,Fresher,76000,Jaisalmer
web designer ,Cassius Technologies,Fresher,76000,Ajmer
web designer ,Cassius Technologies,Fresher,76000,Erode
web designer ,Cassius Technologies,Fresher,76000,Imphal
web designer ,Client of Freshersworld,Fresher,76000,Navi Mumbai
web designer ,Client of Freshersworld,Fresher,76000,Ahmednagar
web designer ,Client of Freshersworld,Fresher,76000,Indore
web designer ,Client of Freshersworld,Fresher,76000,Bhopal
web designer ,Client of Freshersworld,Fresher,76000,Gwalior
web designer ,Client of Freshersworld,Fresher,76000,Bhubaneswar
web designer ,Client of Freshersworld,Fresher,76000,Salem
web designer ,Client of Freshersworld,Fresher,76000,Mandi
web designer ,Client of Freshersworld,Fresher,76000,Raipur
web designer ,Client of Freshersworld,Fresher,76000,Tirupati
php programmer ,A Client of Freshersworld,Fresher,50000,Anand
php programmer ,A Client of Freshersworld,Fresher,50000,Junagadh
php programmer ,A Client of Freshersworld,Fresher,50000,Ankleshwar
php programmer ,A Client of Freshersworld,Fresher,50000,Ahmedabad
php programmer ,A Client of Freshersworld,Fresher,50000,Surajpur
php programmer ,A Client of Freshersworld,Fresher,50000,Narayanpur
java developer ,Client of Freshersworld,Fresher,76000,Shillong
java developer ,Client of Freshersworld,Fresher,76000,Hooghly
java developer ,Client of Freshersworld,Fresher,76000,Amritsar
java developer ,Client of Freshersworld,Fresher,76000,Rajkot
java developer ,Client of Freshersworld,Fresher,76000,Nagpur
java developer ,Client of Freshersworld,Fresher,76000,South Goa
java developer ,Client of Freshersworld,Fresher,76000,Durg
java developer ,Client of Freshersworld,Fresher,76000,Korba
java developer ,Client of Freshersworld,Fresher,76000,Dibrugarh
java developer ,Client of Freshersworld,Fresher,76000,Tawang
java developer ,Client of Freshersworld,Fresher,76000,Nellore
java developer ,Client of Freshersworld,Fresher,76000,Port Blair
web designer ,Client of Freshersworld,Fresher,76000,Alappuzha
web designer ,Client of Freshersworld,Fresher,76000,Kannur
web designer ,Client of Freshersworld,Fresher,76000,Vaishali
web designer ,Client of Freshersworld,Fresher,76000,Nicobar
web designer ,Client of Freshersworld,Fresher,76000,Port Blair
php programmer ,A Client of Freshersworld,Fresher,50000,Amreli
php programmer ,A Client of Freshersworld,Fresher,50000,Gir
php programmer ,A Client of Freshersworld,Fresher,50000,Bhuj
php programmer ,A Client of Freshersworld,Fresher,50000,Bharuch
php programmer ,A Client of Freshersworld,Fresher,50000,Godhra
php programmer ,A Client of Freshersworld,Fresher,50000,Surat
php programmer ,A Client of Freshersworld,Fresher,50000,Porbandar
php programmer ,A Client of Freshersworld,Fresher,50000,Bhavnagar
php programmer ,A Client of Freshersworld,Fresher,50000,Rajnandgaon
php programmer ,A Client of Freshersworld,Fresher,50000,Jashpur
php programmer ,A Client of Freshersworld,Fresher,50000,Bilaspur
php programmer ,A Client of Freshersworld,Fresher,50000,Tiruvottiyur
application developer ,Cassius Technologies,Fresher,50000,Bellary
application developer ,Cassius Technologies,Fresher,50000,Ooty
application developer ,Cassius Technologies,Fresher,76000,North Sikkim
application developer ,Cassius Technologies,Fresher,75000,Rewa
application developer ,Cassius Technologies,Fresher,75000,Aizawal
application developer ,Cassius Technologies,Fresher,75000,Silvassa
application developer ,Client of Freshersworld,Fresher,75000,Raipur
application developer ,Client of Freshersworld,Fresher,75000,Kadapa
application developer ,Client of Freshersworld,Fresher,75000,Vizianagaram
application developer ,Client of Freshersworld,Fresher,75000,Srikakulam
application developer ,Client of Freshersworld,Fresher,75000,Anantapur
application developer ,Client of Freshersworld,Fresher,75000,Ahmedabad
application developer ,Client of Freshersworld,Fresher,75000,Chikkamagaluru
php programmer ,A Client of Freshersworld,Fresher,75000,Yadgir
php programmer ,A Client of Freshersworld,Fresher,75000,Ramanagara
php programmer ,A Client of Freshersworld,Fresher,75000,Hubli
php programmer ,A Client of Freshersworld,Fresher,50000,Bellary
php programmer ,A Client of Freshersworld,Fresher,50000,Karbi Anglong
php programmer ,A Client of Freshersworld,Fresher,50000,Hailakandi
java developer ,Client of Freshersworld,Fresher,50000,Aurangabad
java developer ,Client of Freshersworld,Fresher,50000,Bangalore
java developer ,Client of Freshersworld,Fresher,50000,Ahmedabad
java developer ,Client of Freshersworld,Fresher,50000,Delhi
php programmer ,A Client of Freshersworld,Fresher,76000,Bhagalpur
php programmer ,A Client of Freshersworld,Fresher,76000,Hajipur
php programmer ,A Client of Freshersworld,Fresher,76000,Buxar
php programmer ,A Client of Freshersworld,Fresher,76000,Janjgir-Champa
php programmer ,A Client of Freshersworld,Fresher,50000,Raipur
php programmer ,A Client of Freshersworld,Fresher,50000,Nawada
php programmer ,A Client of Freshersworld,Fresher,50000,Araria
php programmer ,A Client of Freshersworld,Fresher,50000,West Champaran
php programmer ,A Client of Freshersworld,Fresher,50000,Sheikhpura
application developer ,Cassius Technologies,Fresher,50000,Sultanpur
application developer ,Cassius Technologies,Fresher,50000,Leh
application developer ,Cassius Technologies,Fresher,50000,Jammu
application developer ,Cassius Technologies,Fresher,50000,Gaya
application developer ,Cassius Technologies,Fresher,75000,Palakkad
application developer ,Cassius Technologies,Fresher,75000,Tirunalveli
application developer ,Cassius Technologies,Fresher,75000,Hooghly
application developer ,Client of Freshersworld,Fresher,75000,Shimla
application developer ,Client of Freshersworld,Fresher,75000,South Goa
application developer ,Client of Freshersworld,Fresher,75000,Kochi
application developer ,Client of Freshersworld,Fresher,75000,Mandi
application developer ,Client of Freshersworld,Fresher,75000,Indore
application developer ,Client of Freshersworld,Fresher,75000,Roorkee
application developer ,Client of Freshersworld,Fresher,75000,Jorhat
application developer ,Client of Freshersworld,Fresher,75000,Silchar
application developer ,Client of Freshersworld,Fresher,75000,Tawang
application developer ,Client of Freshersworld,Fresher,75000,Itanagar
application developer ,Client of Freshersworld,Fresher,75000,Tirupati
application developer ,Client of Freshersworld,Fresher,75000,Chennai
application developer ,Client of Freshersworld,Fresher,75000,Mumbai
application developer ,Client of Freshersworld,Fresher,75000,Gurgaon
application developer ,Client of Freshersworld,Fresher,75000,Delhi
application developer ,Client of Freshersworld,Fresher,75000,Bangalore
application developer ,Client of Freshersworld,Fresher,75000,Hyderabad
application developer ,Client of Freshersworld,Fresher,75000,Kolkata
web developer ,Client of Freshersworld,Fresher,75000,Hassan
web developer ,Client of Freshersworld,Fresher,75000,Hubli
web developer ,Client of Freshersworld,Fresher,75000,Silchar
web developer ,Client of Freshersworld,Fresher,75000,Itanagar
web developer ,Client of Freshersworld,Fresher,75000,East Godavari
web developer ,Client of Freshersworld,Fresher,75000,Guntakal
web developer ,Client of Freshersworld,Fresher,75000,Eluru
web developer ,Client of Freshersworld,Fresher,75000,Rajahmundry
web developer ,Client of Freshersworld,Fresher,75000,Anantapur
web developer ,Client of Freshersworld,Fresher,75000,Kolkata
web developer ,Client of Freshersworld,Fresher,75000,Hyderabad
web developer ,Client of Freshersworld,Fresher,75000,Noida
web developer ,Client of Freshersworld,Fresher,75000,Delhi
client relationship associate ,Consultancy,1 Year,75000,Noida
java developer ,AMC Career,Fresher,75000,Pune
software engineer ,AMC Career,Fresher,75000,Pune
software developer ,AMC Career,Fresher,75000,Pune
vb.net developer ,RLE India,4 Years,75000,Chennai
shopify developer ,610 Web Lab,4 Years,75000,Chandigarh
php programmer ,A Client of Freshersworld,Fresher,47000,Ahmedabad
php programmer ,A Client of Freshersworld,Fresher,47000,Chennai
front end developer ,Client of Freshersworld,Fresher,47000,Wayanad
front end developer ,Client of Freshersworld,Fresher,50000,Muzaffarpur
front end developer ,Client of Freshersworld,Fresher,70000,Patna
front end developer ,Client of Freshersworld,Fresher,50000,Vijayawada
front end developer ,Client of Freshersworld,Fresher,50000,Port Blair
front end developer ,Client of Freshersworld,Fresher,75000,Jaipur
front end developer ,Cassius Technologies,Fresher,75000,Jhansi
front end developer ,Cassius Technologies,Fresher,75000,Gorakhpur
front end developer ,Cassius Technologies,Fresher,75000,Lucknow
front end developer ,Cassius Technologies,Fresher,75000,Faizabad
front end developer ,Cassius Technologies,Fresher,75000,Bageshwar
front end developer ,Cassius Technologies,Fresher,75000,Roorkee
front end developer ,Cassius Technologies,Fresher,75000,Karimnagar
front end developer ,Cassius Technologies,Fresher,75000,Purba Medinipur
front end developer ,Cassius Technologies,Fresher,75000,Jalpaiguri
front end developer ,Cassius Technologies,Fresher,75000,Thrissur
web developer ,Client of Freshersworld,Fresher,75000,Haveri
web developer ,Client of Freshersworld,Fresher,75000,Ramanagara
web developer ,Client of Freshersworld,Fresher,75000,Davanagere
web developer ,Client of Freshersworld,Fresher,75000,Jammu
web developer ,Client of Freshersworld,Fresher,75000,Mandi
web developer ,Client of Freshersworld,Fresher,75000,Hisar
web developer ,Client of Freshersworld,Fresher,75000,Korba
web developer ,Client of Freshersworld,Fresher,75000,Bhagalpur
web developer ,Client of Freshersworld,Fresher,75000,Dibrugarh
web developer ,Client of Freshersworld,Fresher,75000,Visakhapatnam
web developer ,Client of Freshersworld,Fresher,75000,Tirupati
web developer ,Client of Freshersworld,Fresher,75000,Vizianagaram
web developer ,Client of Freshersworld,Fresher,75000,Kurnool
web developer ,Client of Freshersworld,Fresher,75000,Nicobar
web developer ,Client of Freshersworld,Fresher,75000,Mumbai
client relationship associate ,Consultancy,1 Year,75000,Noida
python junior software engineer web scraping and automation entry level ,Insytelli services,1 Year,75000,Bangalore
product security engineer ,TQuanta Technologies Private Limited,4 Years,75000,Hyderabad
beginning your career with dot net developer ,Percept Infosystem,Fresher,75000,Bangalore
java developer ,AMC Career,Fresher,75000,Mumbai
web designer ,Client of Freshersworld,Fresher,75000,Kavaratti
web designer ,Client of Freshersworld,Fresher,75000,Hubli
web designer ,Client of Freshersworld,Fresher,35000,Shimla
web designer ,Client of Freshersworld,Fresher,15000,South Goa
web designer ,Client of Freshersworld,Fresher,47000,Silvassa
web designer ,Client of Freshersworld,Fresher,76000,Alappuzha
web designer ,Client of Freshersworld,Fresher,76000,Kannur
web designer ,Client of Freshersworld,Fresher,76000,Vaishali
web designer ,Client of Freshersworld,Fresher,76000,Nicobar
web designer ,Client of Freshersworld,Fresher,76000,Port Blair
php programmer ,A Client of Freshersworld,Fresher,76000,Amreli
php programmer ,A Client of Freshersworld,Fresher,76000,Gir
php programmer ,A Client of Freshersworld,Fresher,76000,Bhuj
php programmer ,A Client of Freshersworld,Fresher,76000,Bharuch
php programmer ,A Client of Freshersworld,Fresher,76000,Godhra
php programmer ,A Client of Freshersworld,Fresher,76000,Surat
php programmer ,A Client of Freshersworld,Fresher,76000,Porbandar
php programmer ,A Client of Freshersworld,Fresher,50000,Bhavnagar
php programmer ,A Client of Freshersworld,Fresher,50000,Rajnandgaon
php programmer ,A Client of Freshersworld,Fresher,50000,Jashpur
php programmer ,A Client of Freshersworld,Fresher,50000,Bilaspur
php programmer ,A Client of Freshersworld,Fresher,50000,Tiruvottiyur
java developer ,Client of Freshersworld,Fresher,50000,Tirunalveli
java developer ,Client of Freshersworld,Fresher,50000,Salem
java developer ,Client of Freshersworld,Fresher,50000,Washim
java developer ,Client of Freshersworld,Fresher,50000,Imphal
java developer ,Client of Freshersworld,Fresher,50000,Kanpur
java developer ,Client of Freshersworld,Fresher,50000,Banaras
java developer ,Client of Freshersworld,Fresher,50000,Lakshadweep
java developer ,Client of Freshersworld,Fresher,50000,Muzaffarpur
java developer ,Client of Freshersworld,Fresher,50000,Nagaon
java developer ,Client of Freshersworld,Fresher,76000,Srikakulam
java developer ,Client of Freshersworld,Fresher,76000,Machilipatnam
java developer ,Client of Freshersworld,Fresher,76000,Kurnool
java developer ,Client of Freshersworld,Fresher,76000,Vijayawada
java developer ,Client of Freshersworld,Fresher,76000,Bhubaneswar
java developer ,Client of Freshersworld,Fresher,76000,Mysore
java developer ,Client of Freshersworld,Fresher,76000,Surat
java developer ,Client of Freshersworld,Fresher,76000,Idukki
java developer ,Client of Freshersworld,Fresher,76000,Alappuzha
java developer ,Client of Freshersworld,Fresher,76000,Kochi
java developer ,Client of Freshersworld,Fresher,76000,Wayanad
java developer ,Client of Freshersworld,Fresher,76000,Aurangabad
java developer ,Client of Freshersworld,Fresher,76000,Bangalore
java developer ,Client of Freshersworld,Fresher,76000,Ahmedabad
java developer ,Client of Freshersworld,Fresher,76000,Delhi
php programmer ,A Client of Freshersworld,Fresher,76000,Bhagalpur
php programmer ,A Client of Freshersworld,Fresher,76000,Hajipur
php programmer ,A Client of Freshersworld,Fresher,76000,Buxar
php programmer ,A Client of Freshersworld,Fresher,76000,Janjgir-Champa
php programmer ,A Client of Freshersworld,Fresher,76000,Raipur
php programmer ,A Client of Freshersworld,Fresher,76000,Nawada
php programmer ,A Client of Freshersworld,Fresher,76000,Araria
php programmer ,A Client of Freshersworld,Fresher,76000,West Champaran
php programmer ,A Client of Freshersworld,Fresher,76000,Sheikhpura
application developer ,Cassius Technologies,Fresher,76000,Sultanpur
application developer ,Cassius Technologies,Fresher,50000,Leh
application developer ,Cassius Technologies,Fresher,50000,Jammu
application developer ,Cassius Technologies,Fresher,50000,Gaya
application developer ,Cassius Technologies,Fresher,50000,Palakkad
application developer ,Cassius Technologies,Fresher,50000,Tirunalveli
application developer ,Cassius Technologies,Fresher,50000,Hooghly
application developer ,Cassius Technologies,Fresher,50000,Shimla
application developer ,Cassius Technologies,Fresher,50000,South Goa
application developer ,Client of Freshersworld,Fresher,50000,Kochi
application developer ,Client of Freshersworld,Fresher,75000,Mandi
application developer ,Client of Freshersworld,Fresher,75000,Indore
application developer ,Client of Freshersworld,Fresher,75000,Roorkee
application developer ,Client of Freshersworld,Fresher,75000,Jorhat
application developer ,Client of Freshersworld,Fresher,75000,Silchar
application developer ,Client of Freshersworld,Fresher,75000,Tawang
application developer ,Client of Freshersworld,Fresher,75000,Itanagar
application developer ,Client of Freshersworld,Fresher,75000,Tirupati
application developer ,Client of Freshersworld,Fresher,75000,Chennai
application developer ,Client of Freshersworld,Fresher,75000,Mumbai
application developer ,Client of Freshersworld,Fresher,75000,Gurgaon
application developer ,Client of Freshersworld,Fresher,75000,Delhi
application developer ,Client of Freshersworld,Fresher,75000,Bangalore
application developer ,Client of Freshersworld,Fresher,75000,Hyderabad
application developer ,Client of Freshersworld,Fresher,75000,Kolkata
php programmer ,A Client of Freshersworld,Fresher,75000,South Goa
php programmer ,A Client of Freshersworld,Fresher,75000,Hubli-Dharwad
php programmer ,A Client of Freshersworld,Fresher,75000,Nalbari
php programmer ,A Client of Freshersworld,Fresher,75000,Majuli
php programmer ,A Client of Freshersworld,Fresher,75000,Dhubri
php programmer ,A Client of Freshersworld,Fresher,75000,Sivasagar
php programmer ,A Client of Freshersworld,Fresher,75000,Lakhimpur
php programmer ,A Client of Freshersworld,Fresher,75000,Barpeta
php programmer ,A Client of Freshersworld,Fresher,75000,Srikakulam
php programmer ,A Client of Freshersworld,Fresher,75000,Upper Siang
php programmer ,A Client of Freshersworld,Fresher,75000,Lohit
php programmer ,A Client of Freshersworld,Fresher,75000,Lower Subansiri
php programmer ,A Client of Freshersworld,Fresher,50000,Lower Siang
php programmer ,A Client of Freshersworld,Fresher,50000,Tawang
php programmer ,A Client of Freshersworld,Fresher,50000,Longding
php programmer ,A Client of Freshersworld,Fresher,50000,Ongole
php programmer ,A Client of Freshersworld,Fresher,50000,Visakhapatnam
php programmer ,A Client of Freshersworld,Fresher,50000,Kakinada
php programmer ,A Client of Freshersworld,Fresher,50000,Rajahmundry
php programmer ,A Client of Freshersworld,Fresher,50000,Kolkata
php programmer ,A Client of Freshersworld,Fresher,50000,Ahmedabad
php programmer ,A Client of Freshersworld,Fresher,50000,Chennai
front end developer ,Client of Freshersworld,Fresher,50000,Wayanad
front end developer ,Client of Freshersworld,Fresher,50000,Rourkela
front end developer ,Client of Freshersworld,Fresher,50000,Muzaffarpur
front end developer ,Client of Freshersworld,Fresher,50000,Patna
front end developer ,Client of Freshersworld,Fresher,50000,Vijayawada
front end developer ,Client of Freshersworld,Fresher,50000,Port Blair
front end developer ,Client of Freshersworld,Fresher,50000,Jaipur
front end developer ,Cassius Technologies,Fresher,50000,Jhansi
front end developer ,Cassius Technologies,Fresher,50000,Gorakhpur
front end developer ,Cassius Technologies,Fresher,50000,Lucknow
front end developer ,Cassius Technologies,Fresher,50000,Faizabad
front end developer ,Cassius Technologies,Fresher,50000,Bageshwar
front end developer ,Cassius Technologies,Fresher,75000,Roorkee
front end developer ,Cassius Technologies,Fresher,75000,Karimnagar
front end developer ,Cassius Technologies,Fresher,75000,Purba Medinipur
front end developer ,Cassius Technologies,Fresher,75000,Jalpaiguri
web developer ,Client of Freshersworld,Fresher,75000,Thrissur
web developer ,Client of Freshersworld,Fresher,75000,Haveri
web developer ,Client of Freshersworld,Fresher,75000,Ramanagara
web developer ,Client of Freshersworld,Fresher,75000,Davanagere
web developer ,Client of Freshersworld,Fresher,75000,Jammu
web developer ,Client of Freshersworld,Fresher,75000,Mandi
web developer ,Client of Freshersworld,Fresher,75000,Hisar
web developer ,Client of Freshersworld,Fresher,75000,Korba
web developer ,Client of Freshersworld,Fresher,75000,Bhagalpur
web developer ,Client of Freshersworld,Fresher,75000,Dibrugarh
web developer ,Client of Freshersworld,Fresher,75000,Visakhapatnam
web developer ,Client of Freshersworld,Fresher,75000,Tirupati
web developer ,Client of Freshersworld,Fresher,75000,Vizianagaram
web developer ,Client of Freshersworld,Fresher,75000,Kurnool
web developer ,Client of Freshersworld,Fresher,75000,Nicobar
web developer ,Client of Freshersworld,Fresher,75000,Mumbai
trainee - software developer ,NitcoInc,Fresher,75000,Hyderabad
node.js backend developer ,JGN TECHNOLOGIES,Fresher,75000,Chennai
junior associate ,Whitestone Software Solutions Private Limited,Fresher,75000,Delhi
python engineer with genai ,Athmick,4 Years,75000,Gurgaon
java developer or sql database management or frontend angular js expert ,Intelligrow Consultancy Services Pvt Ltd,Fresher,75000,Mumbai
full-stack developer intern ,Company Name Confidential,Fresher,75000,Bangalore
urgent required java intern fresher ,Percept Infosystem,Fresher,75000,Hubli
qa fresher ,TechRAQ Info Solutions Pvt Ltd,Fresher,75000,Nellore
software trainee ,TalentBridge Technologies Pvt Ltd,Fresher,75000,Ongole
lead consultant angular ,HIRD,4 Years,75000,Nagpur
java developer ,AMC Career,Fresher,75000,Hyderabad
software engineer ,AMC Career,Fresher,75000,Bangalore
software engineer ,Leading Edge ExT,Fresher,75000,Hyderabad
junior system engineer ,VMAPStech India Pvt Ltd,1 Year,12000,Noida
automation software testing intern ,Promilo,Fresher,35000,Pune
java developer ,AMC Career,Fresher,50000,Pune
php programmer ,A Client of Freshersworld,Fresher,3000,Hamirpur
php programmer ,A Client of Freshersworld,Fresher,15000,Jind
php programmer ,A Client of Freshersworld,Fresher,60000,Mahendragarh
php programmer ,A Client of Freshersworld,Fresher,47000,Charkhi Dadri
php programmer ,A Client of Freshersworld,Fresher,47000,Rewari
web designer ,Cassius Technologies,Fresher,52000,Rohtak
web designer ,Cassius Technologies,Fresher,35000,Panipat
web designer ,Cassius Technologies,Fresher,5000,Paradeep
web designer ,Cassius Technologies,Fresher,48000,Varanasi
web designer ,Client of Freshersworld,Fresher,50000,Rewa
web designer ,Client of Freshersworld,Fresher,50000,Lakshadweep
web designer ,Client of Freshersworld,Fresher,50000,Bellary
web designer ,Client of Freshersworld,Fresher,50000,Srinagar
web designer ,Client of Freshersworld,Fresher,50000,Hisar
web designer ,Client of Freshersworld,Fresher,50000,Surat
web designer ,Client of Freshersworld,Fresher,50000,Muzaffarpur
web designer ,Client of Freshersworld,Fresher,50000,Silchar
software engineer ,AMC Career,Fresher,76000,Pune
software engineer ,Leading Edge ExT,Fresher,76000,Mumbai
full stack wordpress developer ,BlueState Media,4 Years,76000,Vijayawada
junior system engineer ,VMAPStech India Pvt Ltd,1 Year,76000,Bangalore
automation software testing intern ,Promilo,Fresher,76000,Bangalore
java developer ,AMC Career,Fresher,76000,Pune
php programmer ,A Client of Freshersworld,Fresher,76000,Solan
php programmer ,A Client of Freshersworld,Fresher,76000,Hamirpur
php programmer ,A Client of Freshersworld,Fresher,76000,Jind
php programmer ,A Client of Freshersworld,Fresher,76000,Fatehabad
php programmer ,A Client of Freshersworld,Fresher,76000,Panchkula
php programmer ,A Client of Freshersworld,Fresher,76000,Mahendragarh
php programmer ,A Client of Freshersworld,Fresher,76000,Charkhi Dadri
php programmer ,A Client of Freshersworld,Fresher,47000,Rewari
web designer ,Cassius Technologies,Fresher,52000,Rohtak
web designer ,Cassius Technologies,Fresher,35000,Panipat
web designer ,Cassius Technologies,Fresher,5000,Paradeep
web designer ,Cassius Technologies,Fresher,48000,Varanasi
web designer ,Client of Freshersworld,Fresher,50000,Rewa
web designer ,Client of Freshersworld,Fresher,50000,Lakshadweep
web designer ,Client of Freshersworld,Fresher,50000,Bellary
web designer ,Client of Freshersworld,Fresher,50000,Srinagar
web designer ,Client of Freshersworld,Fresher,50000,Hisar
web designer ,Client of Freshersworld,Fresher,50000,Surat
web designer ,Client of Freshersworld,Fresher,50000,Muzaffarpur
web designer ,Client of Freshersworld,Fresher,50000,Silchar
web designer ,Client of Freshersworld,Fresher,76000,Guwahati
web designer ,Client of Freshersworld,Fresher,76000,Kolkata
web designer ,Client of Freshersworld,Fresher,76000,Hyderabad
web designer ,Client of Freshersworld,Fresher,76000,Pune
web designer ,Client of Freshersworld,Fresher,76000,Ahmedabad
web designer ,Client of Freshersworld,Fresher,76000,Mumbai
web designer ,Client of Freshersworld,Fresher,76000,Delhi
php programmer ,A Client of Freshersworld,Fresher,76000,Banaskantha
php programmer ,A Client of Freshersworld,Fresher,76000,Rajkot
php programmer ,A Client of Freshersworld,Fresher,76000,Gandhinagar
php programmer ,A Client of Freshersworld,Fresher,76000,Mungeli
php programmer ,A Client of Freshersworld,Fresher,76000,Kanker
application developer ,Cassius Technologies,Fresher,76000,Raigarh
application developer ,Cassius Technologies,Fresher,76000,Ujjain
application developer ,Cassius Technologies,Fresher,76000,Udaipur
application developer ,Cassius Technologies,Fresher,76000,Gurgaon
application developer ,Cassius Technologies,Fresher,76000,Vapi
application developer ,Cassius Technologies,Fresher,76000,Porbandar
application developer ,Cassius Technologies,Fresher,76000,Washim
application developer ,Client of Freshersworld,Fresher,76000,Srinagar
application developer ,Client of Freshersworld,Fresher,50000,Kolar
application developer ,Client of Freshersworld,Fresher,50000,Kanpur
application developer ,Client of Freshersworld,Fresher,50000,Chandigarh
application developer ,Client of Freshersworld,Fresher,50000,Nagpur
application developer ,Client of Freshersworld,Fresher,50000,Faridabad
application developer ,Client of Freshersworld,Fresher,50000,Thiruvananthapuram
application developer ,Client of Freshersworld,Fresher,75000,Cuttack
application developer ,Client of Freshersworld,Fresher,75000,Patna
application developer ,Client of Freshersworld,Fresher,75000,Dibrugarh
application developer ,Client of Freshersworld,Fresher,75000,Guwahati
application developer ,Client of Freshersworld,Fresher,75000,Ongole
application developer ,Client of Freshersworld,Fresher,75000,Guntakal
php programmer ,A Client of Freshersworld,Fresher,75000,Saran
php programmer ,A Client of Freshersworld,Fresher,75000,Munger
php programmer ,A Client of Freshersworld,Fresher,75000,Samastipur
php programmer ,A Client of Freshersworld,Fresher,75000,Rohtas
application developer ,Cassius Technologies,Fresher,75000,Thanjavur
application developer ,Cassius Technologies,Fresher,75000,Paradeep
application developer ,Cassius Technologies,Fresher,75000,Wayanad
application developer ,Cassius Technologies,Fresher,75000,Raigarh
application developer ,Cassius Technologies,Fresher,75000,Ujjain
application developer ,Cassius Technologies,Fresher,75000,Udaipur
application developer ,Cassius Technologies,Fresher,75000,Gurgaon
application developer ,Cassius Technologies,Fresher,75000,Vapi
application developer ,Cassius Technologies,Fresher,75000,Porbandar
application developer ,Cassius Technologies,Fresher,75000,Washim
application developer ,Client of Freshersworld,Fresher,50000,Srinagar
application developer ,Client of Freshersworld,Fresher,50000,Kolar
application developer ,Client of Freshersworld,Fresher,50000,Kanpur
application developer ,Client of Freshersworld,Fresher,50000,Chandigarh
application developer ,Client of Freshersworld,Fresher,75000,Nagpur
application developer ,Client of Freshersworld,Fresher,75000,Faridabad
php programmer ,A Client of Freshersworld,Fresher,75000,East Godavari
php programmer ,A Client of Freshersworld,Fresher,75000,Kadapa
php programmer ,A Client of Freshersworld,Fresher,75000,Tirupati
php programmer ,A Client of Freshersworld,Fresher,75000,Kurnool
php programmer ,A Client of Freshersworld,Fresher,75000,Guntur
php programmer ,A Client of Freshersworld,Fresher,75000,Hyderabad
front end developer ,Client of Freshersworld,Fresher,75000,Indore
front end developer ,Client of Freshersworld,Fresher,75000,Jaipur
front end developer ,Client of Freshersworld,Fresher,75000,Thrissur
front end developer ,Client of Freshersworld,Fresher,75000,Kollam
front end developer ,Client of Freshersworld,Fresher,75000,Thiruvananthapuram
front end developer ,Client of Freshersworld,Fresher,75000,Chandigarh
front end developer ,Client of Freshersworld,Fresher,75000,Tawang
front end developer ,Client of Freshersworld,Fresher,75000,Visakhapatnam
front end developer ,Client of Freshersworld,Fresher,50000,Nicobar
front end developer ,Client of Freshersworld,Fresher,50000,Kolkata
front end developer ,Client of Freshersworld,Fresher,50000,Chennai
front end developer ,Client of Freshersworld,Fresher,50000,Mumbai
front end developer ,Client of Freshersworld,Fresher,50000,Delhi
front end developer ,Cassius Technologies,Fresher,50000,Jodhpur
front end developer ,Cassius Technologies,Fresher,75000,Jaisalmer
front end developer ,Cassius Technologies,Fresher,75000,Allahabad
front end developer ,Cassius Technologies,Fresher,75000,Rudrapur
front end developer ,Cassius Technologies,Fresher,75000,Adilabad
front end developer ,Cassius Technologies,Fresher,75000,Medak
front end developer ,Cassius Technologies,Fresher,75000,Warangal
front end developer ,Cassius Technologies,Fresher,75000,Kharagpur
front end developer ,Cassius Technologies,Fresher,75000,Durgapur
web developer ,Client of Freshersworld,Fresher,75000,Kollam
web developer ,Client of Freshersworld,Fresher,75000,Kochi
web developer ,Client of Freshersworld,Fresher,75000,Wayanad
web developer ,Client of Freshersworld,Fresher,75000,Mandya
web developer ,Client of Freshersworld,Fresher,75000,Bijapur
web developer ,Client of Freshersworld,Fresher,75000,Yadgir
web developer ,Client of Freshersworld,Fresher,75000,Tumakuru
web developer ,Client of Freshersworld,Fresher,75000,Chikkaballapur
web developer ,Client of Freshersworld,Fresher,75000,Dharwad
web developer ,Client of Freshersworld,Fresher,75000,Bokaro
web developer ,Client of Freshersworld,Fresher,75000,Dharmasala
web developer ,Client of Freshersworld,Fresher,75000,Fatehabad
web developer ,Client of Freshersworld,Fresher,75000,Gurgaon
web developer ,Client of Freshersworld,Fresher,75000,Faridabad
web developer ,Client of Freshersworld,Fresher,75000,Ambala
web developer ,Client of Freshersworld,Fresher,75000,South Goa
web developer ,Client of Freshersworld,Fresher,75000,Panaji
web developer ,Client of Freshersworld,Fresher,75000,Muzaffarpur
web developer ,Client of Freshersworld,Fresher,75000,Kadapa
web developer ,Client of Freshersworld,Fresher,75000,Srikakulam
web developer ,Client of Freshersworld,Fresher,75000,Port Blair
web developer ,Client of Freshersworld,Fresher,75000,Ahmednagar
web developer ,Client of Freshersworld,Fresher,75000,Pune
web developer ,Client of Freshersworld,Fresher,75000,Bangalore
python programmer ,Panacorp Software Company,Fresher,75000,Nagercoil
full stack developer ,TekCrewz Pvt Ltd,4 Years,75000,Thanjavur
junior web developer ,Bit Binders,Fresher,75000,Delhi
application software developer ,AMC Career,Fresher,75000,Pune
sap cpi ,Tetra fount,4 Years,75000,Bangalore
start your career with frontend developer ,Percept Infosystem,Fresher,75000,Nagpur
software implementation specialist ,Unipro tech solutions pvt ltd,Fresher,75000,Chennai
jira admin ,VY Systems,4 Years,75000,Bangalore
sfdc tester ,Vy systems,4 Years,75000,Pune
java developer ,Percept Infosystem,Fresher,75000,Chennai
senior kubernetes engineer ,TQuanta Technologies Private Limited,4 Years,75000,Hyderabad
android app and web developer ,Greenin Urja,3 Years,75000,Bangalore
senior software manager - backend engineer ,Streamoid Technologies Private Limited,4 Years,75000,Pune
software engineer ,Ideal Career Zone,4 Years,75000,Nagpur
flutter developer ,Live fx,1 Year,75000,Hyderabad
trainee - web developer ,Somayu Infotech,Fresher,20000,Bangalore
junior laravel developer ,SMILIGENCE,3 Years,20000,Chennai
full stack developer ,CROWN BUSINESS SOLUTIONS,4 Years,47000,Bangalore
php programmer ,A Client of Freshersworld,Fresher,15000,Bangalore
php programmer ,A Client of Freshersworld,Fresher,316666,Dindigul
php programmer ,A Client of Freshersworld,Fresher,15000,Virudhunagar
php programmer ,A Client of Freshersworld,Fresher,20000,Chennai
php programmer ,A Client of Freshersworld,Fresher,350000,Sirsa
php programmer ,A Client of Freshersworld,Fresher,60000,Yamunanagar
php programmer ,A Client of Freshersworld,Fresher,30000,Gurgaon
php programmer ,A Client of Freshersworld,Fresher,30000,Faridabad
php programmer ,A Client of Freshersworld,Fresher,47000,Meerut
web designer ,Cassius Technologies,Fresher,90000,Jaipur
web designer ,Cassius Technologies,Fresher,50000,Vadodara
web designer ,Cassius Technologies,Fresher,50000,Dhanbad
web designer ,Client of Freshersworld,Fresher,50000,Jammu
web designer ,Client of Freshersworld,Fresher,50000,Dharmasala
web designer ,Client of Freshersworld,Fresher,50000,Patna
web designer ,Client of Freshersworld,Fresher,50000,Tawang
web designer ,Client of Freshersworld,Fresher,50000,Idukki
web designer ,Client of Freshersworld,Fresher,50000,Thiruvananthapuram
web designer ,Client of Freshersworld,Fresher,50000,Kochi
web designer ,Client of Freshersworld,Fresher,50000,Wayanad
web designer ,Client of Freshersworld,Fresher,50000,Pathanamthitta
web designer ,Cassius Technologies,Fresher,50000,Chikkamagaluru
web designer ,Cassius Technologies,Fresher,50000,Sivasagar
web designer ,Cassius Technologies,Fresher,76000,Jaisalmer
web designer ,Cassius Technologies,Fresher,76000,Ajmer
web designer ,Cassius Technologies,Fresher,76000,Erode
web designer ,Cassius Technologies,Fresher,76000,Imphal
web designer ,Client of Freshersworld,Fresher,76000,Navi Mumbai
web designer ,Client of Freshersworld,Fresher,76000,Ahmednagar
web designer ,Client of Freshersworld,Fresher,76000,Indore
web designer ,Client of Freshersworld,Fresher,76000,Bhopal
web designer ,Client of Freshersworld,Fresher,76000,Gwalior
web designer ,Client of Freshersworld,Fresher,76000,Bhubaneswar
web designer ,Client of Freshersworld,Fresher,76000,Salem
web designer ,Client of Freshersworld,Fresher,76000,Mandi
web designer ,Client of Freshersworld,Fresher,76000,Faridabad
web designer ,Client of Freshersworld,Fresher,76000,Raipur
web designer ,Client of Freshersworld,Fresher,76000,Tirupati
php programmer ,A Client of Freshersworld,Fresher,76000,Anand
php programmer ,A Client of Freshersworld,Fresher,76000,Junagadh
php programmer ,A Client of Freshersworld,Fresher,76000,Ankleshwar
php programmer ,A Client of Freshersworld,Fresher,76000,Ahmedabad
php programmer ,A Client of Freshersworld,Fresher,76000,Surajpur
php programmer ,A Client of Freshersworld,Fresher,76000,Narayanpur
java developer ,Client of Freshersworld,Fresher,76000,Shillong
java developer ,Client of Freshersworld,Fresher,76000,Hooghly
java developer ,Client of Freshersworld,Fresher,76000,Amritsar
java developer ,Client of Freshersworld,Fresher,76000,Rajkot
java developer ,Client of Freshersworld,Fresher,76000,Nagpur
java developer ,Client of Freshersworld,Fresher,76000,South Goa
java developer ,Client of Freshersworld,Fresher,76000,Durg
java developer ,Client of Freshersworld,Fresher,76000,Dibrugarh
java developer ,Client of Freshersworld,Fresher,76000,Tawang
java developer ,Client of Freshersworld,Fresher,50000,Nellore
java developer ,Client of Freshersworld,Fresher,50000,Port Blair
java developer ,Client of Freshersworld,Fresher,50000,Hosur
java developer ,Client of Freshersworld,Fresher,50000,Thiruvananthapuram
java developer ,Client of Freshersworld,Fresher,50000,Palakkad
java developer ,Client of Freshersworld,Fresher,50000,Kottayam
java developer ,Client of Freshersworld,Fresher,76000,Kannur
java developer ,Client of Freshersworld,Fresher,76000,Gurgaon
php programmer ,A Client of Freshersworld,Fresher,76000,Kabirdham
php programmer ,A Client of Freshersworld,Fresher,76000,Muzaffarpur
php programmer ,A Client of Freshersworld,Fresher,76000,Aurangabad (Bihar)
php programmer ,A Client of Freshersworld,Fresher,76000,Gopalganj
php programmer ,A Client of Freshersworld,Fresher,76000,Bastar
php programmer ,A Client of Freshersworld,Fresher,76000,Sheohar
php programmer ,A Client of Freshersworld,Fresher,76000,Arwal
php programmer ,A Client of Freshersworld,Fresher,76000,Purnia
php programmer ,A Client of Freshersworld,Fresher,76000,Madhubani
php programmer ,A Client of Freshersworld,Fresher,76000,Lakhisarai
application developer ,Cassius Technologies,Fresher,76000,Gandhinagar
application developer ,Cassius Technologies,Fresher,76000,Rewari
application developer ,Cassius Technologies,Fresher,76000,Tuticorin
application developer ,Cassius Technologies,Fresher,76000,Shillong
application developer ,Client of Freshersworld,Fresher,76000,Lakshadweep
application developer ,Client of Freshersworld,Fresher,76000,Rajkot
application developer ,Client of Freshersworld,Fresher,50000,Coimbatore
application developer ,Client of Freshersworld,Fresher,50000,Salem
application developer ,Client of Freshersworld,Fresher,50000,Madurai
application developer ,Cassius Technologies,Fresher,50000,Aizawal
application developer ,Client of Freshersworld,Fresher,50000,Silvassa
application developer ,Client of Freshersworld,Fresher,50000,Raipur
application developer ,Client of Freshersworld,Fresher,50000,Kadapa
application developer ,Client of Freshersworld,Fresher,50000,Vizianagaram
application developer ,Client of Freshersworld,Fresher,50000,Srikakulam
application developer ,Client of Freshersworld,Fresher,50000,Anantapur
application developer ,Client of Freshersworld,Fresher,75000,Ahmedabad
php programmer ,A Client of Freshersworld,Fresher,75000,Chikkamagaluru
php programmer ,A Client of Freshersworld,Fresher,75000,Yadgir
php programmer ,A Client of Freshersworld,Fresher,75000,Ramanagara
php programmer ,A Client of Freshersworld,Fresher,75000,Hubli
php programmer ,A Client of Freshersworld,Fresher,75000,Bellary
php programmer ,A Client of Freshersworld,Fresher,75000,Karbi Anglong
php programmer ,A Client of Freshersworld,Fresher,75000,Hailakandi
php programmer ,A Client of Freshersworld,Fresher,75000,Karimganj
php programmer ,A Client of Freshersworld,Fresher,75000,Golaghat
php programmer ,A Client of Freshersworld,Fresher,75000,Chirang
php programmer ,A Client of Freshersworld,Fresher,75000,Dibrugarh
php programmer ,A Client of Freshersworld,Fresher,75000,Guwahati
php programmer ,A Client of Freshersworld,Fresher,75000,East Kameng
php programmer ,A Client of Freshersworld,Fresher,75000,Changlang
php programmer ,A Client of Freshersworld,Fresher,75000,Itanagar
php programmer ,A Client of Freshersworld,Fresher,75000,Nellore
php programmer ,A Client of Freshersworld,Fresher,50000,Eluru
php programmer ,A Client of Freshersworld,Fresher,50000,Anantapur
php programmer ,A Client of Freshersworld,Fresher,50000,Nicobar
php programmer ,A Client of Freshersworld,Fresher,50000,Port Blair
php programmer ,A Client of Freshersworld,Fresher,50000,Pune
php programmer ,A Client of Freshersworld,Fresher,50000,Noida
php programmer ,A Client of Freshersworld,Fresher,50000,Mumbai
front end developer ,Client of Freshersworld,Fresher,50000,Hosur
front end developer ,Client of Freshersworld,Fresher,50000,Surat
front end developer ,Client of Freshersworld,Fresher,50000,Panipat
front end developer ,Client of Freshersworld,Fresher,50000,Raipur
front end developer ,Client of Freshersworld,Fresher,50000,Guwahati
front end developer ,Client of Freshersworld,Fresher,50000,Visakhapatnam
front end developer ,Client of Freshersworld,Fresher,50000,Noida
front end developer ,Client of Freshersworld,Fresher,50000,Gurgaon
front end developer ,Cassius Technologies,Fresher,50000,Namchi
front end developer ,Cassius Technologies,Fresher,50000,Gangtok
front end developer ,Cassius Technologies,Fresher,50000,Amethi
front end developer ,Cassius Technologies,Fresher,50000,Ghaziabad
front end developer ,Cassius Technologies,Fresher,50000,Uttarkashi
front end developer ,Cassius Technologies,Fresher,50000,Kashipur
front end developer ,Cassius Technologies,Fresher,50000,Dehradun
front end developer ,Cassius Technologies,Fresher,50000,Haldia
front end developer ,Cassius Technologies,Fresher,75000,Asansol
front end developer ,Cassius Technologies,Fresher,75000,Kottayam
front end developer ,Cassius Technologies,Fresher,75000,Kannur
web developer ,Client of Freshersworld,Fresher,75000,Shivamogga
web developer ,Client of Freshersworld,Fresher,75000,Koppal
web developer ,Client of Freshersworld,Fresher,75000,Chikkamagaluru
web developer ,Client of Freshersworld,Fresher,75000,Hassan
web developer ,Client of Freshersworld,Fresher,75000,Hubli
web developer ,Client of Freshersworld,Fresher,75000,Silchar
web developer ,Client of Freshersworld,Fresher,75000,Itanagar
web developer ,Client of Freshersworld,Fresher,75000,East Godavari
web developer ,Client of Freshersworld,Fresher,75000,Guntakal
web developer ,Client of Freshersworld,Fresher,75000,Eluru
web developer ,Client of Freshersworld,Fresher,75000,Rajahmundry
web developer ,Client of Freshersworld,Fresher,75000,Anantapur
web developer ,Client of Freshersworld,Fresher,75000,Kolkata
web developer ,Client of Freshersworld,Fresher,75000,Hyderabad
web developer ,Client of Freshersworld,Fresher,75000,Noida
web developer ,Client of Freshersworld,Fresher,75000,Delhi
business development manager - third party sale ,Addii Biotech Pvt. Ltd,4 Years,75000,Mohali
housekeeping attendants ,HOTEL AT VILLA,1 Year,75000,Port Blair
python programmer ,Panacorp Software Company,Fresher,75000,Nagercoil
full stack developer ,TekCrewz Pvt Ltd,4 Years,75000,Thanjavur
junior web developer ,Bit Binders,Fresher,75000,Delhi
application software developer ,AMC Career,Fresher,75000,Pune
sap cpi ,Tetra fount,4 Years,75000,Bangalore
start your career with frontend developer ,Percept Infosystem,Fresher,75000,Nagpur
software implementation specialist ,Unipro tech solutions pvt ltd,Fresher,75000,Chennai
full-stack developer intern ,Reputed Company,Fresher,75000,Hyderabad
product development intern ,Mayura Consultancy Services,Fresher,75000,Bangalore
.net developer - 1 year experience ,Trios Software PVt,1 Year,75000,Virudhunagar
dot net developer ,Zibma Infotech,3 Years,75000,Surat
php developer ,Phavio software,Fresher,75000,Nellore
java developer ,SPHINAX INFO SYSTEM,4 Years,75000,Chennai
java developer ,Randstad,3 Years,75000,Hyderabad
java developer ,Rigel Networks Pvt Ltd,4 Years,75000,Bangalore
senior backend python software developer ,Sludge AI,4 Years,75000,Mumbai
software developer ,Leading Edge ExT,4 Years,20000,Hyderabad
php/laravel developer ,SMILIGENCE,3 Years,20000,Bangalore
php programmer ,A Client of Freshersworld,Fresher,47000,Pune
php programmer ,A Client of Freshersworld,Fresher,15000,Jammu
php programmer ,A Client of Freshersworld,Fresher,240000,Sirsa
php programmer ,A Client of Freshersworld,Fresher,30000,Gurgaon
web designer ,Cassius Technologies,Fresher,58333,Meerut
web designer ,Cassius Technologies,Fresher,52000,Vadodara
web designer ,Client of Freshersworld,Fresher,16000,Dhanbad
web designer ,Client of Freshersworld,Fresher,47000,Jammu
web designer ,Client of Freshersworld,Fresher,50000,Dharmasala
web designer ,Client of Freshersworld,Fresher,50000,Patna
web designer ,Client of Freshersworld,Fresher,50000,Tawang
web designer ,Client of Freshersworld,Fresher,50000,Idukki
web designer ,Client of Freshersworld,Fresher,50000,Thiruvananthapuram
web designer ,Client of Freshersworld,Fresher,50000,Kochi
web designer ,Client of Freshersworld,Fresher,50000,Wayanad
web designer ,Client of Freshersworld,Fresher,50000,Pathanamthitta
web designer ,Client of Freshersworld,Fresher,50000,Malappuram
web designer ,Client of Freshersworld,Fresher,50000,Thrissur
web designer ,Client of Freshersworld,Fresher,50000,Bangalore
php programmer ,A Client of Freshersworld,Fresher,50000,Dahod
php programmer ,A Client of Freshersworld,Fresher,76000,Kandla
php programmer ,A Client of Freshersworld,Fresher,76000,Gandhidham
php programmer ,A Client of Freshersworld,Fresher,76000,Koriya
php programmer ,A Client of Freshersworld,Fresher,76000,Bemetara
php programmer ,A Client of Freshersworld,Fresher,76000,Mahasamund
php programmer ,A Client of Freshersworld,Fresher,76000,Kondagaon
php programmer ,A Client of Freshersworld,Fresher,76000,Kabirdham
php programmer ,A Client of Freshersworld,Fresher,76000,Navsari
php programmer ,A Client of Freshersworld,Fresher,76000,Avadi
php programmer ,A Client of Freshersworld,Fresher,76000,Nagercoil
php programmer ,A Client of Freshersworld,Fresher,76000,Cuddalore
php programmer ,A Client of Freshersworld,Fresher,76000,Faizabad
php programmer ,A Client of Freshersworld,Fresher,76000,Aizawal
java developer ,Client of Freshersworld,Fresher,76000,Shimla
java developer ,Client of Freshersworld,Fresher,76000,Aizawal
java developer ,Client of Freshersworld,Fresher,76000,Shimla
java developer ,Client of Freshersworld,Fresher,76000,Indore
java developer ,Client of Freshersworld,Fresher,50000,Chandigarh
java developer ,Client of Freshersworld,Fresher,50000,Eluru
java developer ,Client of Freshersworld,Fresher,50000,Guntur
java developer ,Client of Freshersworld,Fresher,50000,Itanagar
java developer ,Client of Freshersworld,Fresher,50000,Erode
java developer ,Client of Freshersworld,Fresher,50000,Silvassa
java developer ,Client of Freshersworld,Fresher,50000,Rourkela
java developer ,Client of Freshersworld,Fresher,50000,Jaipur
java developer ,Client of Freshersworld,Fresher,50000,Kollam
java developer ,Client of Freshersworld,Fresher,50000,Pathanamthitta
java developer ,Client of Freshersworld,Fresher,50000,Thrissur
java developer ,Client of Freshersworld,Fresher,50000,Agartala
java developer ,Client of Freshersworld,Fresher,50000,Navi Mumbai
java developer ,Client of Freshersworld,Fresher,50000,Kolkata
java developer ,Client of Freshersworld,Fresher,76000,Gurgaon
php programmer ,A Client of Freshersworld,Fresher,76000,Kabirdham
php programmer ,A Client of Freshersworld,Fresher,76000,Muzaffarpur
php programmer ,A Client of Freshersworld,Fresher,76000,Bastar
php programmer ,A Client of Freshersworld,Fresher,76000,Sheohar
php programmer ,A Client of Freshersworld,Fresher,76000,Arwal
php programmer ,A Client of Freshersworld,Fresher,76000,Purnia
php programmer ,A Client of Freshersworld,Fresher,76000,Madhubani
php programmer ,A Client of Freshersworld,Fresher,76000,Lakhisarai
application developer ,Cassius Technologies,Fresher,76000,Gandhinagar
application developer ,Cassius Technologies,Fresher,76000,Rewari
application developer ,Cassius Technologies,Fresher,76000,Tuticorin
application developer ,Cassius Technologies,Fresher,76000,Shillong
application developer ,Client of Freshersworld,Fresher,76000,Lakshadweep
application developer ,Client of Freshersworld,Fresher,76000,Rajkot
application developer ,Client of Freshersworld,Fresher,76000,Coimbatore
application developer ,Client of Freshersworld,Fresher,76000,Salem
application developer ,Client of Freshersworld,Fresher,76000,Madurai
application developer ,Client of Freshersworld,Fresher,76000,Raichur
application developer ,Client of Freshersworld,Fresher,76000,Surat
application developer ,Client of Freshersworld,Fresher,76000,East Godavari
application developer ,Client of Freshersworld,Fresher,76000,Visakhapatnam
application developer ,Client of Freshersworld,Fresher,76000,Kakinada
php programmer ,A Client of Freshersworld,Fresher,76000,Hojai
php programmer ,A Client of Freshersworld,Fresher,50000,Dima Hasao
php programmer ,A Client of Freshersworld,Fresher,50000,Dhemaji
php programmer ,A Client of Freshersworld,Fresher,50000,Bongaigaon
php programmer ,A Client of Freshersworld,Fresher,50000,Nagaon
php programmer ,A Client of Freshersworld,Fresher,50000,Siang
php programmer ,A Client of Freshersworld,Fresher,50000,Anjaw
php programmer ,A Client of Freshersworld,Fresher,50000,Namsai
php programmer ,A Client of Freshersworld,Fresher,50000,West Siang
php programmer ,A Client of Freshersworld,Fresher,75000,Tirap
php programmer ,A Client of Freshersworld,Fresher,75000,Dibang Valley
php programmer ,A Client of Freshersworld,Fresher,75000,Vizianagaram
php programmer ,A Client of Freshersworld,Fresher,75000,Machilipatnam
php programmer ,A Client of Freshersworld,Fresher,75000,Mayabunder
php programmer ,A Client of Freshersworld,Fresher,75000,Gurgaon
front end developer ,Client of Freshersworld,Fresher,75000,Silvassa
front end developer ,Client of Freshersworld,Fresher,75000,Madurai
front end developer ,Client of Freshersworld,Fresher,75000,Wayanad
front end developer ,Client of Freshersworld,Fresher,75000,Idukki
front end developer ,Client of Freshersworld,Fresher,75000,Erode
front end developer ,Client of Freshersworld,Fresher,75000,Kozhikode
front end developer ,Client of Freshersworld,Fresher,75000,Roorkee
front end developer ,Client of Freshersworld,Fresher,75000,Silchar
front end developer ,Client of Freshersworld,Fresher,50000,Guntur
front end developer ,Client of Freshersworld,Fresher,50000,Rajahmundry
front end developer ,Client of Freshersworld,Fresher,50000,Nellore
front end developer ,Client of Freshersworld,Fresher,50000,Hyderabad
front end developer ,Client of Freshersworld,Fresher,50000,Ahmedabad
front end developer ,Cassius Technologies,Fresher,50000,Alwar
front end developer ,Cassius Technologies,Fresher,50000,Kota
front end developer ,Cassius Technologies,Fresher,50000,West Sikkim
front end developer ,Cassius Technologies,Fresher,50000,North Sikkim
front end developer ,Cassius Technologies,Fresher,50000,Meerut
front end developer ,Cassius Technologies,Fresher,50000,Aligarh
front end developer ,Cassius Technologies,Fresher,50000,Agra
front end developer ,Cassius Technologies,Fresher,50000,Haridwar
front end developer ,Cassius Technologies,Fresher,50000,Nainital
front end developer ,Cassius Technologies,Fresher,50000,Nizamabad
front end developer ,Cassius Technologies,Fresher,75000,Birbhum
front end developer ,Cassius Technologies,Fresher,75000,Bardhaman
front end developer ,Cassius Technologies,Fresher,75000,Nizamabad
web developer ,Client of Freshersworld,Fresher,75000,Malappuram
web developer ,Client of Freshersworld,Fresher,75000,Kozhikode
web developer ,Client of Freshersworld,Fresher,75000,Gadag
web developer ,Client of Freshersworld,Fresher,75000,Chamarajnagar
web developer ,Client of Freshersworld,Fresher,75000,Raichur
web developer ,Client of Freshersworld,Fresher,75000,Mysore
web developer ,Client of Freshersworld,Fresher,75000,Bidar
web developer ,Client of Freshersworld,Fresher,75000,Belgaum
web developer ,Client of Freshersworld,Fresher,75000,Udupi
web developer ,Client of Freshersworld,Fresher,75000,Srinagar
web developer ,Client of Freshersworld,Fresher,75000,Kulu
web developer ,Client of Freshersworld,Fresher,75000,Panipat
web developer ,Client of Freshersworld,Fresher,75000,Rohtak
web developer ,Client of Freshersworld,Fresher,75000,Jamnagar
web developer ,Client of Freshersworld,Fresher,75000,Raipur
web developer ,Client of Freshersworld,Fresher,75000,Chandigarh
web developer ,Client of Freshersworld,Fresher,75000,Patna
web developer ,Client of Freshersworld,Fresher,75000,Nellore
web developer ,Client of Freshersworld,Fresher,75000,Kakinada
web developer ,Client of Freshersworld,Fresher,75000,Guntur
web developer ,Client of Freshersworld,Fresher,75000,Navi Mumbai
web developer ,Client of Freshersworld,Fresher,75000,Chennai
web developer ,Client of Freshersworld,Fresher,75000,Gurgaon
business development manager - third party sale ,Addii Biotech Pvt. Ltd,4 Years,75000,Mohali
housekeeping attendants ,HOTEL AT VILLA,1 Year,75000,Port Blair
back office assistant ,Devkant Infotech Solutions OPC Pvt Ltd,Fresher,75000,Patna
field support engineer ,Techigent Technologies Pvt. Ltd.,Fresher,75000,Chennai
talent acquisition executive/ client relationship executive - recruitment process ,Equinox,Fresher,75000,Hyderabad
game development ,Creative Galileo,Fresher,75000,Pune
aws devops engineer ,AgentInsights,Fresher,75000,Delhi
flutter development ,Quantasis Private Limited,Fresher,75000,Mumbai
network engineering ,Treya Wireless Private Limited,Fresher,75000,Mumbai
aws expert ,AIIP,4 Years,75000,Delhi
ai technology ,Clipbait Media Private Limited,Fresher,75000,Bangalore
laravel developer ,Kirikaa Digital,Fresher,75000,Durgapur
dot net developer ,Global Best HR & Management Consulting Pvt Ltd,Fresher,75000,Chennai
php programmer ,A Client of Freshersworld,Fresher,75000,Nuh
php programmer ,A Client of Freshersworld,Fresher,75000,Koppal
web designer ,Cassius Technologies,Fresher,75000,Nizamabad
web designer ,Client of Freshersworld,Fresher,75000,Itanagar
artificial intelligence - ai ,Buddha Education Association Incorporation,Fresher,75000,Chennai
game development ,MentorBoxx,Fresher,75000,Amritsar
data analytics ,AN QUANTECH LLP,Fresher,75000,Delhi
database development ,Triumph System And Solutions Private Limited,Fresher,75000,Mumbai
full stack developer ,NnN Net Solutions,Fresher,75000,Chennai
website developer ,Global India Express,Fresher,75000,Delhi
frontend developer ,Soniio,Fresher,75000,Kolkata
front end development ,COSGrid Systems Private Limited,Fresher,8000,Chennai
python development ,FIKAA,Fresher,22000,Mumbai
flutter development ,Kenmark ITan Solutions,Fresher,40000,Mumbai
ataccama admin ,Future Forward BPO,4 Years,25000,Gurgaon
ataccama admin ,Future Forward BPO,4 Years,35000,Gurgaon
frontend developer ,MicroLogix Services Pvt. Ltd.,1 Year,30000,Bangalore
big data ,The Overseas Consultant,Fresher,50000,Chennai
big data ,The Overseas Consultant,Fresher,50000,Gandhinagar
software engineer ,Verve Systems Pvt Ltd,Fresher,76000,Chennai
zoho developer intern ,Providian Global Solutions Privet Limited,Fresher,76000,Chennai
artificial intelligence - ai ,Buddha Education Association Incorporation,Fresher,15000,Mumbai
game development ,MentorBoxx,Fresher,20000,Delhi
database development ,Triumph System And Solutions Private Limited,Fresher,50000,Amritsar
hr executive ,NUAGE COMPUSYS TECHNOLOGIES PRIVATE LIMITED,Fresher,40000,Kolkata
administrative officer ,Diya infotech,Fresher,125000,Chennai
software intern ,Wizinoa,Fresher,15000,Madurai
full stack web developer ,Associative,Fresher,20000,Pune
software engineer ,A Client of Freshersworld,Fresher,50000,Coimbatore
software engineer ,A Client of Freshersworld,Fresher,28000,Jamnagar
software engineer ,A Client of Freshersworld,Fresher,14000,Bhavnagar
software engineer ,A Client of Freshersworld,Fresher,20000,Ahmedabad
software engineer ,A Client of Freshersworld,Fresher,22500,Panaji
software engineer ,A Client of Freshersworld,Fresher,22000,Bijapur(Chattisgarh)
software engineer ,A Client of Freshersworld,Fresher,15000,West Karbi Anglong
automation test engineer ,A Client of Freshersworld,Fresher,12000,South Salmara-Mankachar
automation test engineer ,A Client of Freshersworld,Fresher,25000,Karbi Anglong
automation test engineer ,A Client of Freshersworld,Fresher,25000,Goalpara
automation test engineer ,A Client of Freshersworld,Fresher,20000,Darrang
automation test engineer ,A Client of Freshersworld,Fresher,15000,Hojai
automation test engineer ,A Client of Freshersworld,Fresher,12000,Chirang
automation test engineer ,A Client of Freshersworld,Fresher,20000,Kra Daadi
automation test engineer ,A Client of Freshersworld,Fresher,15000,Namsai
automation test engineer ,A Client of Freshersworld,Fresher,30000,Papum Pare
software engineer ,Cassius Technologies,Fresher,60000,Guntakal
software engineer ,Cassius Technologies,Fresher,50000,Srikakulam
software engineer ,Cassius Technologies,Fresher,50000,Kurnool
software engineer ,Cassius Technologies,Fresher,50000,Guntur
software engineer ,Cassius Technologies,Fresher,50000,Barmer
software engineer ,Client of Freshersworld,Fresher,50000,Darjeeling
software engineer ,Client of Freshersworld,Fresher,50000,Rewa
software engineer ,Client of Freshersworld,Fresher,50000,Ajmer
software engineer ,Client of Freshersworld,Fresher,50000,Nagpur
software engineer ,Client of Freshersworld,Fresher,50000,Nicobar
software engineer ,Client of Freshersworld,Fresher,50000,Srinagar
software engineer ,Client of Freshersworld,Fresher,50000,Hosur
software engineer ,Client of Freshersworld,Fresher,50000,Amritsar
software engineer ,Client of Freshersworld,Fresher,50000,Panipat
software engineer ,Client of Freshersworld,Fresher,50000,Mysore
software engineer ,Client of Freshersworld,Fresher,50000,Vadodara
software engineer ,Client of Freshersworld,Fresher,50000,Silchar
software engineer ,Client of Freshersworld,Fresher,50000,Patna
software engineer ,Client of Freshersworld,Fresher,50000,Salem
software engineer ,Client of Freshersworld,Fresher,50000,Kanpur
software engineer ,Client of Freshersworld,Fresher,50000,Bangalore
automation test engineer ,A Client of Freshersworld,Fresher,50000,Nellore
automation test engineer ,A Client of Freshersworld,Fresher,50000,Srikakulam
automation test engineer ,A Client of Freshersworld,Fresher,65000,Machilipatnam
automation test engineer ,A Client of Freshersworld,Fresher,65000,Port Blair
automation test engineer ,A Client of Freshersworld,Fresher,65000,Gurgaon
web developer ,MS Selvam Softech .,Fresher,65000,Sivakasi
front end developer ,Walstar Technology,1 Year,65000,Kolhapur
react developer ,Walstar Technology,1 Year,65000,Kolhapur
trainee engineer ,Safi engineering solutions,Fresher,65000,Pune
remote front end developer ,ACA Software Solutions,4 Years,65000,Noida
php developer ,Fabhost Web Solutions,Fresher,65000,Chennai
flutter developer ,SMILIGENCE,2 Years,65000,Madurai
machine learning engineer ,Thirumoolar software,Fresher,65000,Chennai
software engineer ,A Client of Freshersworld,Fresher,65000,Godhra
software engineer ,A Client of Freshersworld,Fresher,65000,Valsad
software engineer ,A Client of Freshersworld,Fresher,65000,Ankleshwar
software engineer ,A Client of Freshersworld,Fresher,65000,Mungeli
software engineer ,A Client of Freshersworld,Fresher,65000,Bemetara
software engineer ,A Client of Freshersworld,Fresher,65000,Bilaspur
software engineer ,A Client of Freshersworld,Fresher,65000,Surguja
software engineer ,A Client of Freshersworld,Fresher,65000,Mahasamund
software engineer ,A Client of Freshersworld,Fresher,65000,Kondagaon
software engineer ,A Client of Freshersworld,Fresher,65000,Kabirdham
software engineer ,A Client of Freshersworld,Fresher,65000,Dhamtari
software engineer ,A Client of Freshersworld,Fresher,65000,Bhilai
automation test engineer ,A Client of Freshersworld,Fresher,65000,Kokrajhar
automation test engineer ,A Client of Freshersworld,Fresher,50000,Udalguri
automation test engineer ,A Client of Freshersworld,Fresher,50000,Karimganj
automation test engineer ,A Client of Freshersworld,Fresher,50000,Barpeta
automation test engineer ,A Client of Freshersworld,Fresher,50000,Guwahati
automation test engineer ,A Client of Freshersworld,Fresher,50000,Siang
software engineer ,Cassius Technologies,Fresher,29000,Haveri
software engineer ,Cassius Technologies,Fresher,15000,Bharatpur
software engineer ,Cassius Technologies,Fresher,16000,Kota
software engineer ,Client of Freshersworld,Fresher,50000,Faizabad
software engineer ,Client of Freshersworld,Fresher,50000,Mandya
software engineer ,Client of Freshersworld,Fresher,50000,Varanasi
software engineer ,Client of Freshersworld,Fresher,50000,Kozhikode
software engineer ,Client of Freshersworld,Fresher,50000,Panaji
software engineer ,Client of Freshersworld,Fresher,50000,Vijayawada
software engineer ,Client of Freshersworld,Fresher,50000,Jaipur
software engineer ,Client of Freshersworld,Fresher,50000,Allahabad
software engineer ,Client of Freshersworld,Fresher,50000,Kolkata
software engineer ,Client of Freshersworld,Fresher,50000,Hyderabad
software engineer ,Client of Freshersworld,Fresher,50000,Mumbai
software engineer ,Client of Freshersworld,Fresher,50000,Gurgaon
automation test engineer ,A Client of Freshersworld,Fresher,50000,Dibang Valley
automation test engineer ,A Client of Freshersworld,Fresher,50000,Visakhapatnam
automation test engineer ,A Client of Freshersworld,Fresher,50000,Kakinada
automation test engineer ,A Client of Freshersworld,Fresher,50000,Tawang
automation test engineer ,A Client of Freshersworld,Fresher,50000,Itanagar
automation test engineer ,A Client of Freshersworld,Fresher,50000,Kadapa
automation test engineer ,A Client of Freshersworld,Fresher,50000,Guntakal
automation test engineer ,A Client of Freshersworld,Fresher,50000,Vizianagaram
automation test engineer ,A Client of Freshersworld,Fresher,50000,Anantapur
automation test engineer ,A Client of Freshersworld,Fresher,50000,Kolkata
automation test engineer ,A Client of Freshersworld,Fresher,65000,Ahmedabad
software engineer ,Client of Freshersworld,Fresher,65000,Delhi
senior wordpress developer ,CXO Enterprises Private Limited,Fresher,65000,Bangalore
asp.net developer intern ,Quartz technologies,Fresher,65000,Kanpur
software engineer ,Enrgy Money,Fresher,65000,Chandigarh
php laravel developer intern ,QuantaPIxel Software Solutions,1 Year,65000,Hyderabad
junior salesforce developer ,Torrance Consultancy,Fresher,65000,Bangalore
fresher developer ,ELVIRA INFOTECH PRIVATE LIMITED,Fresher,65000,Chennai
software engineer ,A Client of Freshersworld,Fresher,65000,Hyderabad
software engineer ,A Client of Freshersworld,Fresher,65000,Visakhapatnam
software engineer ,A Client of Freshersworld,Fresher,65000,Chennai
software engineer ,A Client of Freshersworld,Fresher,65000,Kolkata
software engineer ,A Client of Freshersworld,Fresher,65000,Surat
automation test engineer ,A Client of Freshersworld,Fresher,65000,Charaideo
automation test engineer ,A Client of Freshersworld,Fresher,65000,Baksa
automation test engineer ,A Client of Freshersworld,Fresher,65000,Sonitpur
automation test engineer ,A Client of Freshersworld,Fresher,50000,Morigaon
automation test engineer ,A Client of Freshersworld,Fresher,50000,Dhemaji
automation test engineer ,A Client of Freshersworld,Fresher,50000,Nagaon
automation test engineer ,A Client of Freshersworld,Fresher,50000,Dibrugarh
automation test engineer ,A Client of Freshersworld,Fresher,50000,Anjaw
automation test engineer ,A Client of Freshersworld,Fresher,50000,Lower Siang
automation test engineer ,A Client of Freshersworld,Fresher,50000,East Siang
software engineer ,Cassius Technologies,Fresher,50000,Nellore
software engineer ,Cassius Technologies,Fresher,50000,West Tripura
software engineer ,Cassius Technologies,Fresher,50000,Anantapur
software engineer ,Cassius Technologies,Fresher,50000,Ajmer
software engineer ,Cassius Technologies,Fresher,65000,Nagercoil
software engineer ,Cassius Technologies,Fresher,600000,Hooghly
software engineer ,Client of Freshersworld,Fresher,6000,Washim
software engineer ,Client of Freshersworld,Fresher,250000,Lakshadweep
software engineer ,Client of Freshersworld,Fresher,5000,Coimbatore
software engineer ,Cassius Technologies,Fresher,16666,Nagercoil
software engineer ,Client of Freshersworld,Fresher,50000,Washim
software engineer ,Client of Freshersworld,Fresher,50000,Lakshadweep
software engineer ,Client of Freshersworld,Fresher,50000,Coimbatore
software engineer ,Client of Freshersworld,Fresher,50000,Kochi
software engineer ,Client of Freshersworld,Fresher,50000,Navi Mumbai
software engineer ,Client of Freshersworld,Fresher,50000,Pune
software engineer ,Client of Freshersworld,Fresher,50000,Ahmedabad
software engineer ,Client of Freshersworld,Fresher,50000,Chennai
automation test engineer ,A Client of Freshersworld,Fresher,50000,Longding
automation test engineer ,A Client of Freshersworld,Fresher,50000,Ongole
automation test engineer ,A Client of Freshersworld,Fresher,50000,Vijayawada
automation test engineer ,A Client of Freshersworld,Fresher,50000,Kurnool
automation test engineer ,A Client of Freshersworld,Fresher,50000,Guntur
automation test engineer ,A Client of Freshersworld,Fresher,50000,Mayabunder
automation test engineer ,A Client of Freshersworld,Fresher,50000,Hyderabad
automation test engineer ,A Client of Freshersworld,Fresher,65000,Mumbai
automation test engineer ,A Client of Freshersworld,Fresher,65000,Delhi
customer support executive - international uk process ,Pemlix Technology Solutions Pvt. Ltd.,Fresher,65000,Kolkata
software engineer ,A Client of Freshersworld,Fresher,65000,Jamnagar
software engineer ,A Client of Freshersworld,Fresher,65000,Bhavnagar
software engineer ,A Client of Freshersworld,Fresher,65000,Ahmedabad
software engineer ,A Client of Freshersworld,Fresher,65000,Panaji
software engineer ,A Client of Freshersworld,Fresher,65000,Raigarh
software engineer ,A Client of Freshersworld,Fresher,65000,Bijapur(Chattisgarh)
software engineer ,A Client of Freshersworld,Fresher,65000,West Karbi Anglong
software engineer ,A Client of Freshersworld,Fresher,65000,Tinsukia
automation test engineer ,A Client of Freshersworld,Fresher,65000,South Salmara-Mankachar
automation test engineer ,A Client of Freshersworld,Fresher,65000,Karbi Anglong
automation test engineer ,A Client of Freshersworld,Fresher,65000,Hailakandi
automation test engineer ,A Client of Freshersworld,Fresher,65000,Goalpara
automation test engineer ,A Client of Freshersworld,Fresher,65000,Darrang
automation test engineer ,A Client of Freshersworld,Fresher,65000,Hojai
automation test engineer ,A Client of Freshersworld,Fresher,65000,Chirang
automation test engineer ,A Client of Freshersworld,Fresher,65000,Kra Daadi
automation test engineer ,A Client of Freshersworld,Fresher,65000,Namsai
automation test engineer ,A Client of Freshersworld,Fresher,50000,Papum Pare
automation test engineer ,A Client of Freshersworld,Fresher,50000,East Kameng
automation test engineer ,A Client of Freshersworld,Fresher,50000,West Siang
software engineer ,Cassius Technologies,Fresher,50000,Pudukkottai
software engineer ,Cassius Technologies,Fresher,50000,Pondicherry
software engineer ,Cassius Technologies,Fresher,50000,Kakinada
software engineer ,Cassius Technologies,Fresher,50000,Belgaum
software engineer ,Cassius Technologies,Fresher,50000,Ooty
software engineer ,Cassius Technologies,Fresher,50000,Machilipatnam
software engineer ,Cassius Technologies,Fresher,15000,Sivakasi
software engineer ,Cassius Technologies,Fresher,50000,Eluru
software engineer ,Cassius Technologies,Fresher,50000,Udaipur
software engineer ,Cassius Technologies,Fresher,50000,Rajkot
software engineer ,Client of Freshersworld,Fresher,50000,Nagaon
software engineer ,Client of Freshersworld,Fresher,50000,Erode
software engineer ,Client of Freshersworld,Fresher,50000,Port Blair
software engineer ,Client of Freshersworld,Fresher,50000,Mandi
software engineer ,Client of Freshersworld,Fresher,50000,Porbandar
software engineer ,Client of Freshersworld,Fresher,50000,Visakhapatnam
software engineer ,Client of Freshersworld,Fresher,50000,Guwahati
software engineer ,Client of Freshersworld,Fresher,50000,Itanagar
software engineer ,Client of Freshersworld,Fresher,50000,Thiruvananthapuram
software engineer ,Client of Freshersworld,Fresher,50000,Surat
software engineer ,Client of Freshersworld,Fresher,50000,Bhubaneswar
software engineer ,Client of Freshersworld,Fresher,50000,Chandigarh
software engineer ,Client of Freshersworld,Fresher,50000,Noida
automation test engineer ,A Client of Freshersworld,Fresher,50000,East Godavari
automation test engineer ,A Client of Freshersworld,Fresher,50000,Tirupati
automation test engineer ,A Client of Freshersworld,Fresher,50000,Rajahmundry
automation test engineer ,A Client of Freshersworld,Fresher,50000,Nicobar
automation test engineer ,A Client of Freshersworld,Fresher,50000,Bangalore
data process executive ,Tolzitech solutions PVT LTD,Fresher,50000,Hyderabad
junior software developer ,SOTIInc,Fresher,65000,Bangalore
flutter developer fresher ,Acuratech Global,Fresher,65000,Mohali
full stack web developer intern/trainee ,EarnXP,Fresher,65000,Chennai
full stack developer ,App Innovation Technologies,Fresher,65000,Chennai
software engineer ,A Client of Freshersworld,Fresher,65000,Coimbatore
software engineer ,A Client of Freshersworld,Fresher,65000,Erode
software engineer ,A Client of Freshersworld,Fresher,65000,Gandhidham
software engineer ,A Client of Freshersworld,Fresher,65000,Godhra
software engineer ,A Client of Freshersworld,Fresher,65000,Valsad
dot net software developer ,Zelite Solutions,Fresher,65000,Mumbai
full stack developer ,Cynosure Corporate Solutions,Fresher,65000,Chennai
software engineer ,A Client of Freshersworld,Fresher,65000,Mehsana
software engineer ,A Client of Freshersworld,Fresher,65000,Koriya
software engineer ,A Client of Freshersworld,Fresher,65000,Kanker
software engineer ,A Client of Freshersworld,Fresher,65000,Gariaband
software engineer ,A Client of Freshersworld,Fresher,65000,Narayanpur
automation test engineer ,A Client of Freshersworld,Fresher,65000,Majuli
automation test engineer ,A Client of Freshersworld,Fresher,65000,Bishwanath
automation test engineer ,A Client of Freshersworld,Fresher,65000,Jorhat
automation test engineer ,A Client of Freshersworld,Fresher,65000,Silchar
automation test engineer ,A Client of Freshersworld,Fresher,65000,Sivasagar
automation test engineer ,A Client of Freshersworld,Fresher,65000,Lakhimpur
automation test engineer ,A Client of Freshersworld,Fresher,65000,Upper Siang
automation test engineer ,A Client of Freshersworld,Fresher,50000,East Kameng
automation test engineer ,A Client of Freshersworld,Fresher,50000,West Siang
software engineer ,Cassius Technologies,Fresher,50000,Pudukkottai
software engineer ,Cassius Technologies,Fresher,50000,Pondicherry
software engineer ,Cassius Technologies,Fresher,50000,Kakinada
software engineer ,Cassius Technologies,Fresher,30000,Ooty
software engineer ,Cassius Technologies,Fresher,15000,Machilipatnam
software engineer ,Cassius Technologies,Fresher,50000,Udaipur
software engineer ,Cassius Technologies,Fresher,50000,Rajkot
software engineer ,Client of Freshersworld,Fresher,50000,Nagaon
software engineer ,Client of Freshersworld,Fresher,50000,Erode
software engineer ,Client of Freshersworld,Fresher,50000,Port Blair
software engineer ,Client of Freshersworld,Fresher,15000,Mandi
software engineer ,Client of Freshersworld,Fresher,50000,Visakhapatnam
software engineer ,Client of Freshersworld,Fresher,50000,Guwahati
software engineer ,Client of Freshersworld,Fresher,50000,Itanagar
software engineer ,Client of Freshersworld,Fresher,50000,Thiruvananthapuram
software engineer ,Client of Freshersworld,Fresher,50000,Surat
software engineer ,Client of Freshersworld,Fresher,50000,Bhubaneswar
software engineer ,Client of Freshersworld,Fresher,50000,Chandigarh
software engineer ,Client of Freshersworld,Fresher,50000,Noida
automation test engineer ,A Client of Freshersworld,Fresher,50000,East Godavari
automation test engineer ,A Client of Freshersworld,Fresher,50000,Tirupati
automation test engineer ,A Client of Freshersworld,Fresher,50000,Rajahmundry
automation test engineer ,A Client of Freshersworld,Fresher,50000,Nicobar
automation test engineer ,A Client of Freshersworld,Fresher,50000,Bangalore
field sales executive ,Mahalaxmi Corp,1 Year,50000,Mumbai
telesales agent ,Omres Management Private Limited,1 Year,65000,Mumbai
lead generation associate - fresher ,ZNP,Fresher,65000,Navi Mumbai
p and c insurance ,Bhilwara Infotechnology Limited,4 Years,65000,Bangalore
customer support executive ,Fidelis Technologies,1 Year,65000,Delhi
web development ,Stirring Minds,Fresher,65000,Bangalore
asp.net development ,Isourse,Fresher,65000,Pune
web development ,Shubh International,Fresher,65000,Bangalore
wordpress development ,Techsphere,Fresher,65000,Delhi
3d unity development ,Perceived Design,Fresher,65000,Delhi
front end development ,BUCKMINT,Fresher,65000,Ahmedabad
android app development ,SBNRI - Simplifying Banking For NRIs,Fresher,65000,Mumbai
php and laravel developers ,Radiant Tech Solutions,Fresher,65000,Bangalore
sap hana (s/4) consulting ,Ajspire Technologies Pvt. Ltd,Fresher,65000,Delhi
remote software developer ,Futurionic Private LImited,Fresher,65000,Delhi
database administrator ,Datamate Info Solutions Limited,4 Years,65000,Delhi
ethical hacking ,TecheirKonseptrix Analytics Private Limited,Fresher,65000,Mumbai
mobile app development ,Bempu Health,Fresher,65000,Bangalore
android app development ,Invizio Solutions LLP,Fresher,65000,Mumbai
node.js development ,Antino Labs Private Limited,Fresher,65000,Bangalore
php developer ,Satej Infotech Pvt Ltd.,Fresher,65000,Kolhapur
front-end developers ,Kenmark ITan Solutions,Fresher,65000,Mumbai
backend development ,FreightCrate,Fresher,65000,Mumbai
front end development ,Faith App,Fresher,65000,Mumbai
network automation and qa intern ,COSGrid Systems Private Limited,2 Years,50000,Chennai
data science ,Innovation Hack,Fresher,50000,Mumbai
web development ,Stirring Minds,Fresher,50000,Delhi
asp.net development ,Isourse,Fresher,50000,Delhi
web development ,Shubh International,Fresher,50000,Ahmedabad
wordpress development ,Techsphere,Fresher,25000,Mumbai
3d unity development ,Perceived Design,Fresher,18000,Bangalore
android app development ,SBNRI - Simplifying Banking For NRIs,Fresher,75000,Delhi
php and laravel developers ,Radiant Tech Solutions,Fresher,22000,Delhi
web development ,Synapse Valuetech Private Limited,Fresher,8000,Delhi
asp.net development ,Quantasis Private Limited,2 Years,100000,Noida
data analytics ,Greenovative Energy Private Limited,Fresher,8000,Coimbatore
fashion design and merchandising ,Nikita Gada Label,Fresher,10000,Mumbai
xml developer ,Shree Aryavarta Infotech,Fresher,40000,Hyderabad
php developer ,MIS Work India Pvt Ltd,4 Years,30000,Mancherial
desktop engineer ,Orient Technologies Ltd,4 Years,19000,Delhi
freelance engagement specialist ,SnapFind,4 Years,15000,Bangalore
relationship executive ,ALMA MATER MATTERS PRIVATE LIMITED,Fresher,15000,Mumbai
hr intern ,Firstcry,Fresher,18000,Gurgaon
full stack developer ,Alpha Solutions,4 Years,40000,Gurgaon
data analyst intern ,Galytix Analytics Pvt. Ltd.,Fresher,100000,Pune
executive ,Asirvad Micro Finance Limited,Fresher,20000,Mumbai
software developer ,Realty Tech Solutions,Fresher,43000,Mumbai
junior executive assistant administration ,Modi Infosol Private Limited,Fresher,40000,Thrissur
product analysis ,ClearTax,Fresher,7500,Bangalore
web developer ,ANWENTEC INNOVATION PVT LTD,Fresher,15000,Hyderabad
senior system admin ,Ultrafly Solution Private Limited,4 Years,40000,Rajahmundry
sales executive ,Invenzo Labs India Pvt Ltd,2 Years,35000,Vijayawada
senior accountant with a semi ca or cfa qualification ,KrispCall Pte Ltd,4 Years,15000,Coimbatore
business development/growth intern ,Eventory,Fresher,80000,Bangalore
mis executive ,Awsense,Fresher,70000,Hosur
asp.net mvcc.net developer ,Palladsys Software Solutions,4 Years,25000,Delhi
account executive ,SPHINAX INFO SYSTEM,Fresher,50000,Gurgaon
sales executive ,Krispcall Pte. Ltd.,Fresher,18000,Noida
paid social media marketer ,Krispcall Pte Ltd,4 Years,25000,Mumbai
he pvt ltd raipur remote work from home recruitment 2024 | apply onlineless,HE pvt ltd,Fresher,50000,Navi Mumbai
caller ,OxyGen Finserve,Fresher,35000,Gurgaon
hr executive ,PENTOZ Technology,3 Years,35000,Noida
showroom sales executive ,XPHENO STAFFING PVT LTD,2 Years,30000,Bangalore
interior designer ,STUDIOSP99,Fresher,50000,Bangalore
telecaller ,UNITEDCAPITAL,Fresher,35000,Delhi
cctv technician ,KOSMOSYS SOLUTIONS PRIVATE LIMITED,Fresher,23000,Delhi
graduate engineer trainee - get ,Man industries,1 Year,30000,Delhi
process associate ,Literact fintech,Fresher,10000,Noida
business development manager ,Point Perfect Technology Solutions,4 Years,17000,Tirunalveli
telecaller ,JOB PROVIDER CONSULTANCY,Fresher,40000,Mumbai
telecaller ,Rupeefriend,Fresher,15000,Gurgaon
operations executive ,Medyseva Technologies,3 Years,26000,Jamnagar
python trainer ,Udayan Care,2 Years,30000,Mohali
junior architect/interior designer ,Colonelz Constructions Pvt. Ltd,Fresher,6000,Hyderabad
